id,title,status,description
1,Update login module,COMPLETED,Task to update the login module as part of routine maintenance and improvement cycle #1.
2,Implement Redis cache,IN_PROGRESS,Task to implement the Redis cache as part of routine maintenance and improvement cycle #2.
3,Update config loader,PENDING,Task to update the config loader as part of routine maintenance and improvement cycle #3.
4,Optimize email service,PENDING,Task to optimize the email service as part of routine maintenance and improvement cycle #4.
5,Review user dashboard,IN_PROGRESS,Task to review the user dashboard as part of routine maintenance and improvement cycle #5.
6,Implement metrics dashboard,PENDING,Task to implement the metrics dashboard as part of routine maintenance and improvement cycle #6.
7,Investigate Mongo connection,CANCELLED,Task to investigate the Mongo connection as part of routine maintenance and improvement cycle #7.
8,Implement task queue,COMPLETED,Task to implement the task queue as part of routine maintenance and improvement cycle #8.
9,Review Kafka consumer,CANCELLED,Task to review the Kafka consumer as part of routine maintenance and improvement cycle #9.
10,Deploy auth flow,IN_PROGRESS,Task to deploy the auth flow as part of routine maintenance and improvement cycle #10.
11,Implement notification system,PENDING,Task to implement the notification system as part of routine maintenance and improvement cycle #11.
12,Update file upload,PENDING,Task to update the file upload as part of routine maintenance and improvement cycle #12.
13,Deploy search index,COMPLETED,Task to deploy the search index as part of routine maintenance and improvement cycle #13.
14,Review task queue,PENDING,Task to review the task queue as part of routine maintenance and improvement cycle #14.
15,Refactor user dashboard,COMPLETED,Task to refactor the user dashboard as part of routine maintenance and improvement cycle #15.
16,Optimize search index,IN_PROGRESS,Task to optimize the search index as part of routine maintenance and improvement cycle #16.
17,Update payment service,IN_PROGRESS,Task to update the payment service as part of routine maintenance and improvement cycle #17.
18,Test user dashboard,IN_PROGRESS,Task to test the user dashboard as part of routine maintenance and improvement cycle #18.
19,Update file upload,COMPLETED,Task to update the file upload as part of routine maintenance and improvement cycle #19.
20,Document search index,IN_PROGRESS,Task to document the search index as part of routine maintenance and improvement cycle #20.
21,Deploy search index,IN_PROGRESS,Task to deploy the search index as part of routine maintenance and improvement cycle #21.
22,Test user dashboard,IN_PROGRESS,Task to test the user dashboard as part of routine maintenance and improvement cycle #22.
23,Investigate Redis cache,IN_PROGRESS,Task to investigate the Redis cache as part of routine maintenance and improvement cycle #23.
24,Document file upload,COMPLETED,Task to document the file upload as part of routine maintenance and improvement cycle #24.
25,Investigate Redis cache,COMPLETED,Task to investigate the Redis cache as part of routine maintenance and improvement cycle #25.
26,Review Redis cache,PENDING,Task to review the Redis cache as part of routine maintenance and improvement cycle #26.
27,Deploy file upload,COMPLETED,Task to deploy the file upload as part of routine maintenance and improvement cycle #27.
28,Update Mongo connection,COMPLETED,Task to update the Mongo connection as part of routine maintenance and improvement cycle #28.
29,Implement logging pipeline,CANCELLED,Task to implement the logging pipeline as part of routine maintenance and improvement cycle #29.
30,Document database schema,COMPLETED,Task to document the database schema as part of routine maintenance and improvement cycle #30.
31,Fix Redis cache,COMPLETED,Task to fix the Redis cache as part of routine maintenance and improvement cycle #31.
32,Optimize email service,CANCELLED,Task to optimize the email service as part of routine maintenance and improvement cycle #32.
33,Deploy Redis cache,IN_PROGRESS,Task to deploy the Redis cache as part of routine maintenance and improvement cycle #33.
34,Investigate logging pipeline,PENDING,Task to investigate the logging pipeline as part of routine maintenance and improvement cycle #34.
35,Review API gateway,IN_PROGRESS,Task to review the API gateway as part of routine maintenance and improvement cycle #35.
36,Fix email service,PENDING,Task to fix the email service as part of routine maintenance and improvement cycle #36.
37,Refactor file upload,CANCELLED,Task to refactor the file upload as part of routine maintenance and improvement cycle #37.
38,Investigate auth flow,PENDING,Task to investigate the auth flow as part of routine maintenance and improvement cycle #38.
39,Update config loader,COMPLETED,Task to update the config loader as part of routine maintenance and improvement cycle #39.
40,Deploy API gateway,COMPLETED,Task to deploy the API gateway as part of routine maintenance and improvement cycle #40.
41,Refactor Kafka consumer,CANCELLED,Task to refactor the Kafka consumer as part of routine maintenance and improvement cycle #41.
42,Review auth flow,IN_PROGRESS,Task to review the auth flow as part of routine maintenance and improvement cycle #42.
43,Investigate API gateway,COMPLETED,Task to investigate the API gateway as part of routine maintenance and improvement cycle #43.
44,Investigate rate limiter,IN_PROGRESS,Task to investigate the rate limiter as part of routine maintenance and improvement cycle #44.
45,Fix search index,IN_PROGRESS,Task to fix the search index as part of routine maintenance and improvement cycle #45.
46,Investigate metrics dashboard,PENDING,Task to investigate the metrics dashboard as part of routine maintenance and improvement cycle #46.
47,Optimize notification system,CANCELLED,Task to optimize the notification system as part of routine maintenance and improvement cycle #47.
48,Review API gateway,COMPLETED,Task to review the API gateway as part of routine maintenance and improvement cycle #48.
49,Test Redis cache,PENDING,Task to test the Redis cache as part of routine maintenance and improvement cycle #49.
50,Implement session handler,PENDING,Task to implement the session handler as part of routine maintenance and improvement cycle #50.
51,Update logging pipeline,PENDING,Task to update the logging pipeline as part of routine maintenance and improvement cycle #51.
52,Investigate database schema,IN_PROGRESS,Task to investigate the database schema as part of routine maintenance and improvement cycle #52.
53,Document config loader,IN_PROGRESS,Task to document the config loader as part of routine maintenance and improvement cycle #53.
54,Test metrics dashboard,CANCELLED,Task to test the metrics dashboard as part of routine maintenance and improvement cycle #54.
55,Implement config loader,IN_PROGRESS,Task to implement the config loader as part of routine maintenance and improvement cycle #55.
56,Test file upload,COMPLETED,Task to test the file upload as part of routine maintenance and improvement cycle #56.
57,Document metrics dashboard,CANCELLED,Task to document the metrics dashboard as part of routine maintenance and improvement cycle #57.
58,Update Redis cache,IN_PROGRESS,Task to update the Redis cache as part of routine maintenance and improvement cycle #58.
59,Update notification system,PENDING,Task to update the notification system as part of routine maintenance and improvement cycle #59.
60,Optimize config loader,IN_PROGRESS,Task to optimize the config loader as part of routine maintenance and improvement cycle #60.
61,Optimize Redis cache,PENDING,Task to optimize the Redis cache as part of routine maintenance and improvement cycle #61.
62,Update payment service,IN_PROGRESS,Task to update the payment service as part of routine maintenance and improvement cycle #62.
63,Update payment service,COMPLETED,Task to update the payment service as part of routine maintenance and improvement cycle #63.
64,Update metrics dashboard,IN_PROGRESS,Task to update the metrics dashboard as part of routine maintenance and improvement cycle #64.
65,Test logging pipeline,IN_PROGRESS,Task to test the logging pipeline as part of routine maintenance and improvement cycle #65.
66,Investigate database schema,CANCELLED,Task to investigate the database schema as part of routine maintenance and improvement cycle #66.
67,Implement logging pipeline,CANCELLED,Task to implement the logging pipeline as part of routine maintenance and improvement cycle #67.
68,Implement API gateway,PENDING,Task to implement the API gateway as part of routine maintenance and improvement cycle #68.
69,Refactor search index,CANCELLED,Task to refactor the search index as part of routine maintenance and improvement cycle #69.
70,Refactor task queue,PENDING,Task to refactor the task queue as part of routine maintenance and improvement cycle #70.
71,Update payment service,CANCELLED,Task to update the payment service as part of routine maintenance and improvement cycle #71.
72,Deploy API gateway,IN_PROGRESS,Task to deploy the API gateway as part of routine maintenance and improvement cycle #72.
73,Implement Mongo connection,CANCELLED,Task to implement the Mongo connection as part of routine maintenance and improvement cycle #73.
74,Fix email service,IN_PROGRESS,Task to fix the email service as part of routine maintenance and improvement cycle #74.
75,Test task queue,IN_PROGRESS,Task to test the task queue as part of routine maintenance and improvement cycle #75.
76,Update task queue,PENDING,Task to update the task queue as part of routine maintenance and improvement cycle #76.
77,Review config loader,PENDING,Task to review the config loader as part of routine maintenance and improvement cycle #77.
78,Update Redis cache,IN_PROGRESS,Task to update the Redis cache as part of routine maintenance and improvement cycle #78.
79,Refactor logging pipeline,CANCELLED,Task to refactor the logging pipeline as part of routine maintenance and improvement cycle #79.
80,Implement file upload,PENDING,Task to implement the file upload as part of routine maintenance and improvement cycle #80.
81,Fix file upload,PENDING,Task to fix the file upload as part of routine maintenance and improvement cycle #81.
82,Refactor auth flow,CANCELLED,Task to refactor the auth flow as part of routine maintenance and improvement cycle #82.
83,Test email service,CANCELLED,Task to test the email service as part of routine maintenance and improvement cycle #83.
84,Fix Mongo connection,COMPLETED,Task to fix the Mongo connection as part of routine maintenance and improvement cycle #84.
85,Implement payment service,PENDING,Task to implement the payment service as part of routine maintenance and improvement cycle #85.
86,Deploy payment service,PENDING,Task to deploy the payment service as part of routine maintenance and improvement cycle #86.
87,Optimize logging pipeline,IN_PROGRESS,Task to optimize the logging pipeline as part of routine maintenance and improvement cycle #87.
88,Review metrics dashboard,PENDING,Task to review the metrics dashboard as part of routine maintenance and improvement cycle #88.
89,Fix user dashboard,PENDING,Task to fix the user dashboard as part of routine maintenance and improvement cycle #89.
90,Implement file upload,PENDING,Task to implement the file upload as part of routine maintenance and improvement cycle #90.
91,Optimize Redis cache,PENDING,Task to optimize the Redis cache as part of routine maintenance and improvement cycle #91.
92,Optimize user dashboard,CANCELLED,Task to optimize the user dashboard as part of routine maintenance and improvement cycle #92.
93,Optimize session handler,COMPLETED,Task to optimize the session handler as part of routine maintenance and improvement cycle #93.
94,Test Mongo connection,COMPLETED,Task to test the Mongo connection as part of routine maintenance and improvement cycle #94.
95,Implement auth flow,CANCELLED,Task to implement the auth flow as part of routine maintenance and improvement cycle #95.
96,Fix report generator,CANCELLED,Task to fix the report generator as part of routine maintenance and improvement cycle #96.
97,Deploy user dashboard,PENDING,Task to deploy the user dashboard as part of routine maintenance and improvement cycle #97.
98,Document rate limiter,PENDING,Task to document the rate limiter as part of routine maintenance and improvement cycle #98.
99,Update config loader,IN_PROGRESS,Task to update the config loader as part of routine maintenance and improvement cycle #99.
100,Investigate auth flow,IN_PROGRESS,Task to investigate the auth flow as part of routine maintenance and improvement cycle #100.
101,Deploy user dashboard,IN_PROGRESS,Task to deploy the user dashboard as part of routine maintenance and improvement cycle #101.
102,Deploy report generator,IN_PROGRESS,Task to deploy the report generator as part of routine maintenance and improvement cycle #102.
103,Document config loader,COMPLETED,Task to document the config loader as part of routine maintenance and improvement cycle #103.
104,Optimize metrics dashboard,PENDING,Task to optimize the metrics dashboard as part of routine maintenance and improvement cycle #104.
105,Investigate report generator,PENDING,Task to investigate the report generator as part of routine maintenance and improvement cycle #105.
106,Fix auth flow,PENDING,Task to fix the auth flow as part of routine maintenance and improvement cycle #106.
107,Update config loader,IN_PROGRESS,Task to update the config loader as part of routine maintenance and improvement cycle #107.
108,Test report generator,IN_PROGRESS,Task to test the report generator as part of routine maintenance and improvement cycle #108.
109,Deploy Mongo connection,COMPLETED,Task to deploy the Mongo connection as part of routine maintenance and improvement cycle #109.
110,Investigate logging pipeline,COMPLETED,Task to investigate the logging pipeline as part of routine maintenance and improvement cycle #110.
111,Review user dashboard,CANCELLED,Task to review the user dashboard as part of routine maintenance and improvement cycle #111.
112,Test payment service,PENDING,Task to test the payment service as part of routine maintenance and improvement cycle #112.
113,Deploy database schema,COMPLETED,Task to deploy the database schema as part of routine maintenance and improvement cycle #113.
114,Fix task queue,CANCELLED,Task to fix the task queue as part of routine maintenance and improvement cycle #114.
115,Investigate login module,PENDING,Task to investigate the login module as part of routine maintenance and improvement cycle #115.
116,Update database schema,PENDING,Task to update the database schema as part of routine maintenance and improvement cycle #116.
117,Deploy session handler,IN_PROGRESS,Task to deploy the session handler as part of routine maintenance and improvement cycle #117.
118,Refactor database schema,PENDING,Task to refactor the database schema as part of routine maintenance and improvement cycle #118.
119,Test search index,PENDING,Task to test the search index as part of routine maintenance and improvement cycle #119.
120,Deploy Mongo connection,IN_PROGRESS,Task to deploy the Mongo connection as part of routine maintenance and improvement cycle #120.
121,Update search index,CANCELLED,Task to update the search index as part of routine maintenance and improvement cycle #121.
122,Optimize database schema,IN_PROGRESS,Task to optimize the database schema as part of routine maintenance and improvement cycle #122.
123,Fix Kafka consumer,CANCELLED,Task to fix the Kafka consumer as part of routine maintenance and improvement cycle #123.
124,Review Kafka consumer,COMPLETED,Task to review the Kafka consumer as part of routine maintenance and improvement cycle #124.
125,Refactor Redis cache,COMPLETED,Task to refactor the Redis cache as part of routine maintenance and improvement cycle #125.
126,Fix API gateway,CANCELLED,Task to fix the API gateway as part of routine maintenance and improvement cycle #126.
127,Review logging pipeline,IN_PROGRESS,Task to review the logging pipeline as part of routine maintenance and improvement cycle #127.
128,Implement task queue,COMPLETED,Task to implement the task queue as part of routine maintenance and improvement cycle #128.
129,Test Redis cache,IN_PROGRESS,Task to test the Redis cache as part of routine maintenance and improvement cycle #129.
130,Review Mongo connection,CANCELLED,Task to review the Mongo connection as part of routine maintenance and improvement cycle #130.
131,Deploy auth flow,PENDING,Task to deploy the auth flow as part of routine maintenance and improvement cycle #131.
132,Test search index,CANCELLED,Task to test the search index as part of routine maintenance and improvement cycle #132.
133,Investigate notification system,PENDING,Task to investigate the notification system as part of routine maintenance and improvement cycle #133.
134,Update auth flow,IN_PROGRESS,Task to update the auth flow as part of routine maintenance and improvement cycle #134.
135,Optimize auth flow,PENDING,Task to optimize the auth flow as part of routine maintenance and improvement cycle #135.
136,Update rate limiter,CANCELLED,Task to update the rate limiter as part of routine maintenance and improvement cycle #136.
137,Deploy notification system,CANCELLED,Task to deploy the notification system as part of routine maintenance and improvement cycle #137.
138,Optimize metrics dashboard,PENDING,Task to optimize the metrics dashboard as part of routine maintenance and improvement cycle #138.
139,Refactor session handler,IN_PROGRESS,Task to refactor the session handler as part of routine maintenance and improvement cycle #139.
140,Test payment service,CANCELLED,Task to test the payment service as part of routine maintenance and improvement cycle #140.
141,Review metrics dashboard,IN_PROGRESS,Task to review the metrics dashboard as part of routine maintenance and improvement cycle #141.
142,Deploy email service,PENDING,Task to deploy the email service as part of routine maintenance and improvement cycle #142.
143,Deploy rate limiter,COMPLETED,Task to deploy the rate limiter as part of routine maintenance and improvement cycle #143.
144,Update report generator,COMPLETED,Task to update the report generator as part of routine maintenance and improvement cycle #144.
145,Refactor notification system,CANCELLED,Task to refactor the notification system as part of routine maintenance and improvement cycle #145.
146,Test config loader,IN_PROGRESS,Task to test the config loader as part of routine maintenance and improvement cycle #146.
147,Implement email service,CANCELLED,Task to implement the email service as part of routine maintenance and improvement cycle #147.
148,Fix rate limiter,COMPLETED,Task to fix the rate limiter as part of routine maintenance and improvement cycle #148.
149,Refactor config loader,PENDING,Task to refactor the config loader as part of routine maintenance and improvement cycle #149.
150,Test report generator,IN_PROGRESS,Task to test the report generator as part of routine maintenance and improvement cycle #150.
151,Refactor session handler,COMPLETED,Task to refactor the session handler as part of routine maintenance and improvement cycle #151.
152,Document task queue,CANCELLED,Task to document the task queue as part of routine maintenance and improvement cycle #152.
153,Implement metrics dashboard,CANCELLED,Task to implement the metrics dashboard as part of routine maintenance and improvement cycle #153.
154,Fix user dashboard,COMPLETED,Task to fix the user dashboard as part of routine maintenance and improvement cycle #154.
155,Investigate rate limiter,COMPLETED,Task to investigate the rate limiter as part of routine maintenance and improvement cycle #155.
156,Update Redis cache,COMPLETED,Task to update the Redis cache as part of routine maintenance and improvement cycle #156.
157,Implement Mongo connection,IN_PROGRESS,Task to implement the Mongo connection as part of routine maintenance and improvement cycle #157.
158,Review payment service,IN_PROGRESS,Task to review the payment service as part of routine maintenance and improvement cycle #158.
159,Document rate limiter,PENDING,Task to document the rate limiter as part of routine maintenance and improvement cycle #159.
160,Document email service,IN_PROGRESS,Task to document the email service as part of routine maintenance and improvement cycle #160.
161,Refactor logging pipeline,CANCELLED,Task to refactor the logging pipeline as part of routine maintenance and improvement cycle #161.
162,Implement database schema,PENDING,Task to implement the database schema as part of routine maintenance and improvement cycle #162.
163,Update email service,IN_PROGRESS,Task to update the email service as part of routine maintenance and improvement cycle #163.
164,Fix metrics dashboard,CANCELLED,Task to fix the metrics dashboard as part of routine maintenance and improvement cycle #164.
165,Review config loader,IN_PROGRESS,Task to review the config loader as part of routine maintenance and improvement cycle #165.
166,Update task queue,IN_PROGRESS,Task to update the task queue as part of routine maintenance and improvement cycle #166.
167,Document metrics dashboard,COMPLETED,Task to document the metrics dashboard as part of routine maintenance and improvement cycle #167.
168,Document rate limiter,CANCELLED,Task to document the rate limiter as part of routine maintenance and improvement cycle #168.
169,Investigate task queue,IN_PROGRESS,Task to investigate the task queue as part of routine maintenance and improvement cycle #169.
170,Document task queue,COMPLETED,Task to document the task queue as part of routine maintenance and improvement cycle #170.
171,Implement auth flow,CANCELLED,Task to implement the auth flow as part of routine maintenance and improvement cycle #171.
172,Implement auth flow,CANCELLED,Task to implement the auth flow as part of routine maintenance and improvement cycle #172.
173,Update report generator,IN_PROGRESS,Task to update the report generator as part of routine maintenance and improvement cycle #173.
174,Test notification system,COMPLETED,Task to test the notification system as part of routine maintenance and improvement cycle #174.
175,Investigate user dashboard,IN_PROGRESS,Task to investigate the user dashboard as part of routine maintenance and improvement cycle #175.
176,Fix Redis cache,CANCELLED,Task to fix the Redis cache as part of routine maintenance and improvement cycle #176.
177,Fix Mongo connection,PENDING,Task to fix the Mongo connection as part of routine maintenance and improvement cycle #177.
178,Refactor email service,COMPLETED,Task to refactor the email service as part of routine maintenance and improvement cycle #178.
179,Investigate task queue,CANCELLED,Task to investigate the task queue as part of routine maintenance and improvement cycle #179.
180,Review Mongo connection,CANCELLED,Task to review the Mongo connection as part of routine maintenance and improvement cycle #180.
181,Refactor session handler,PENDING,Task to refactor the session handler as part of routine maintenance and improvement cycle #181.
182,Optimize file upload,CANCELLED,Task to optimize the file upload as part of routine maintenance and improvement cycle #182.
183,Review search index,COMPLETED,Task to review the search index as part of routine maintenance and improvement cycle #183.
184,Refactor email service,IN_PROGRESS,Task to refactor the email service as part of routine maintenance and improvement cycle #184.
185,Document Redis cache,COMPLETED,Task to document the Redis cache as part of routine maintenance and improvement cycle #185.
186,Refactor logging pipeline,PENDING,Task to refactor the logging pipeline as part of routine maintenance and improvement cycle #186.
187,Refactor notification system,CANCELLED,Task to refactor the notification system as part of routine maintenance and improvement cycle #187.
188,Fix task queue,IN_PROGRESS,Task to fix the task queue as part of routine maintenance and improvement cycle #188.
189,Optimize config loader,PENDING,Task to optimize the config loader as part of routine maintenance and improvement cycle #189.
190,Refactor session handler,PENDING,Task to refactor the session handler as part of routine maintenance and improvement cycle #190.
191,Update email service,IN_PROGRESS,Task to update the email service as part of routine maintenance and improvement cycle #191.
192,Document Kafka consumer,PENDING,Task to document the Kafka consumer as part of routine maintenance and improvement cycle #192.
193,Test file upload,COMPLETED,Task to test the file upload as part of routine maintenance and improvement cycle #193.
194,Implement task queue,COMPLETED,Task to implement the task queue as part of routine maintenance and improvement cycle #194.
195,Deploy file upload,COMPLETED,Task to deploy the file upload as part of routine maintenance and improvement cycle #195.
196,Refactor auth flow,PENDING,Task to refactor the auth flow as part of routine maintenance and improvement cycle #196.
197,Document login module,PENDING,Task to document the login module as part of routine maintenance and improvement cycle #197.
198,Deploy Redis cache,PENDING,Task to deploy the Redis cache as part of routine maintenance and improvement cycle #198.
199,Review login module,IN_PROGRESS,Task to review the login module as part of routine maintenance and improvement cycle #199.
200,Implement login module,IN_PROGRESS,Task to implement the login module as part of routine maintenance and improvement cycle #200.
201,Implement database schema,CANCELLED,Task to implement the database schema as part of routine maintenance and improvement cycle #201.
202,Update session handler,IN_PROGRESS,Task to update the session handler as part of routine maintenance and improvement cycle #202.
203,Document auth flow,COMPLETED,Task to document the auth flow as part of routine maintenance and improvement cycle #203.
204,Fix rate limiter,PENDING,Task to fix the rate limiter as part of routine maintenance and improvement cycle #204.
205,Fix report generator,PENDING,Task to fix the report generator as part of routine maintenance and improvement cycle #205.
206,Optimize login module,COMPLETED,Task to optimize the login module as part of routine maintenance and improvement cycle #206.
207,Optimize file upload,CANCELLED,Task to optimize the file upload as part of routine maintenance and improvement cycle #207.
208,Implement user dashboard,IN_PROGRESS,Task to implement the user dashboard as part of routine maintenance and improvement cycle #208.
209,Update report generator,PENDING,Task to update the report generator as part of routine maintenance and improvement cycle #209.
210,Optimize payment service,COMPLETED,Task to optimize the payment service as part of routine maintenance and improvement cycle #210.
211,Investigate email service,COMPLETED,Task to investigate the email service as part of routine maintenance and improvement cycle #211.
212,Update metrics dashboard,COMPLETED,Task to update the metrics dashboard as part of routine maintenance and improvement cycle #212.
213,Review email service,CANCELLED,Task to review the email service as part of routine maintenance and improvement cycle #213.
214,Update email service,COMPLETED,Task to update the email service as part of routine maintenance and improvement cycle #214.
215,Document database schema,CANCELLED,Task to document the database schema as part of routine maintenance and improvement cycle #215.
216,Fix metrics dashboard,COMPLETED,Task to fix the metrics dashboard as part of routine maintenance and improvement cycle #216.
217,Optimize config loader,CANCELLED,Task to optimize the config loader as part of routine maintenance and improvement cycle #217.
218,Document email service,COMPLETED,Task to document the email service as part of routine maintenance and improvement cycle #218.
219,Deploy Redis cache,PENDING,Task to deploy the Redis cache as part of routine maintenance and improvement cycle #219.
220,Test task queue,IN_PROGRESS,Task to test the task queue as part of routine maintenance and improvement cycle #220.
221,Document session handler,CANCELLED,Task to document the session handler as part of routine maintenance and improvement cycle #221.
222,Deploy login module,CANCELLED,Task to deploy the login module as part of routine maintenance and improvement cycle #222.
223,Deploy Kafka consumer,CANCELLED,Task to deploy the Kafka consumer as part of routine maintenance and improvement cycle #223.
224,Implement search index,COMPLETED,Task to implement the search index as part of routine maintenance and improvement cycle #224.
225,Deploy auth flow,COMPLETED,Task to deploy the auth flow as part of routine maintenance and improvement cycle #225.
226,Investigate login module,IN_PROGRESS,Task to investigate the login module as part of routine maintenance and improvement cycle #226.
227,Update Redis cache,CANCELLED,Task to update the Redis cache as part of routine maintenance and improvement cycle #227.
228,Document config loader,IN_PROGRESS,Task to document the config loader as part of routine maintenance and improvement cycle #228.
229,Document logging pipeline,CANCELLED,Task to document the logging pipeline as part of routine maintenance and improvement cycle #229.
230,Review user dashboard,COMPLETED,Task to review the user dashboard as part of routine maintenance and improvement cycle #230.
231,Implement file upload,IN_PROGRESS,Task to implement the file upload as part of routine maintenance and improvement cycle #231.
232,Test session handler,COMPLETED,Task to test the session handler as part of routine maintenance and improvement cycle #232.
233,Document config loader,COMPLETED,Task to document the config loader as part of routine maintenance and improvement cycle #233.
234,Refactor config loader,COMPLETED,Task to refactor the config loader as part of routine maintenance and improvement cycle #234.
235,Deploy task queue,COMPLETED,Task to deploy the task queue as part of routine maintenance and improvement cycle #235.
236,Test auth flow,IN_PROGRESS,Task to test the auth flow as part of routine maintenance and improvement cycle #236.
237,Update Mongo connection,COMPLETED,Task to update the Mongo connection as part of routine maintenance and improvement cycle #237.
238,Update config loader,IN_PROGRESS,Task to update the config loader as part of routine maintenance and improvement cycle #238.
239,Implement Mongo connection,CANCELLED,Task to implement the Mongo connection as part of routine maintenance and improvement cycle #239.
240,Test session handler,COMPLETED,Task to test the session handler as part of routine maintenance and improvement cycle #240.
241,Update Mongo connection,COMPLETED,Task to update the Mongo connection as part of routine maintenance and improvement cycle #241.
242,Implement search index,IN_PROGRESS,Task to implement the search index as part of routine maintenance and improvement cycle #242.
243,Test login module,IN_PROGRESS,Task to test the login module as part of routine maintenance and improvement cycle #243.
244,Test payment service,PENDING,Task to test the payment service as part of routine maintenance and improvement cycle #244.
245,Investigate report generator,IN_PROGRESS,Task to investigate the report generator as part of routine maintenance and improvement cycle #245.
246,Document API gateway,PENDING,Task to document the API gateway as part of routine maintenance and improvement cycle #246.
247,Optimize report generator,CANCELLED,Task to optimize the report generator as part of routine maintenance and improvement cycle #247.
248,Document task queue,COMPLETED,Task to document the task queue as part of routine maintenance and improvement cycle #248.
249,Fix payment service,COMPLETED,Task to fix the payment service as part of routine maintenance and improvement cycle #249.
250,Document API gateway,PENDING,Task to document the API gateway as part of routine maintenance and improvement cycle #250.
251,Refactor logging pipeline,PENDING,Task to refactor the logging pipeline as part of routine maintenance and improvement cycle #251.
252,Optimize payment service,IN_PROGRESS,Task to optimize the payment service as part of routine maintenance and improvement cycle #252.
253,Fix session handler,COMPLETED,Task to fix the session handler as part of routine maintenance and improvement cycle #253.
254,Update Redis cache,PENDING,Task to update the Redis cache as part of routine maintenance and improvement cycle #254.
255,Investigate email service,IN_PROGRESS,Task to investigate the email service as part of routine maintenance and improvement cycle #255.
256,Investigate file upload,CANCELLED,Task to investigate the file upload as part of routine maintenance and improvement cycle #256.
257,Document report generator,CANCELLED,Task to document the report generator as part of routine maintenance and improvement cycle #257.
258,Test session handler,PENDING,Task to test the session handler as part of routine maintenance and improvement cycle #258.
259,Optimize API gateway,IN_PROGRESS,Task to optimize the API gateway as part of routine maintenance and improvement cycle #259.
260,Implement auth flow,PENDING,Task to implement the auth flow as part of routine maintenance and improvement cycle #260.
261,Fix Redis cache,IN_PROGRESS,Task to fix the Redis cache as part of routine maintenance and improvement cycle #261.
262,Investigate user dashboard,IN_PROGRESS,Task to investigate the user dashboard as part of routine maintenance and improvement cycle #262.
263,Review email service,CANCELLED,Task to review the email service as part of routine maintenance and improvement cycle #263.
264,Optimize logging pipeline,COMPLETED,Task to optimize the logging pipeline as part of routine maintenance and improvement cycle #264.
265,Review Redis cache,COMPLETED,Task to review the Redis cache as part of routine maintenance and improvement cycle #265.
266,Test task queue,PENDING,Task to test the task queue as part of routine maintenance and improvement cycle #266.
267,Implement auth flow,IN_PROGRESS,Task to implement the auth flow as part of routine maintenance and improvement cycle #267.
268,Refactor API gateway,IN_PROGRESS,Task to refactor the API gateway as part of routine maintenance and improvement cycle #268.
269,Fix auth flow,IN_PROGRESS,Task to fix the auth flow as part of routine maintenance and improvement cycle #269.
270,Update payment service,IN_PROGRESS,Task to update the payment service as part of routine maintenance and improvement cycle #270.
271,Test rate limiter,COMPLETED,Task to test the rate limiter as part of routine maintenance and improvement cycle #271.
272,Document API gateway,CANCELLED,Task to document the API gateway as part of routine maintenance and improvement cycle #272.
273,Test file upload,COMPLETED,Task to test the file upload as part of routine maintenance and improvement cycle #273.
274,Investigate config loader,CANCELLED,Task to investigate the config loader as part of routine maintenance and improvement cycle #274.
275,Document user dashboard,PENDING,Task to document the user dashboard as part of routine maintenance and improvement cycle #275.
276,Refactor notification system,COMPLETED,Task to refactor the notification system as part of routine maintenance and improvement cycle #276.
277,Review user dashboard,IN_PROGRESS,Task to review the user dashboard as part of routine maintenance and improvement cycle #277.
278,Optimize session handler,PENDING,Task to optimize the session handler as part of routine maintenance and improvement cycle #278.
279,Test session handler,PENDING,Task to test the session handler as part of routine maintenance and improvement cycle #279.
280,Fix logging pipeline,CANCELLED,Task to fix the logging pipeline as part of routine maintenance and improvement cycle #280.
281,Test Kafka consumer,CANCELLED,Task to test the Kafka consumer as part of routine maintenance and improvement cycle #281.
282,Document user dashboard,CANCELLED,Task to document the user dashboard as part of routine maintenance and improvement cycle #282.
283,Deploy email service,COMPLETED,Task to deploy the email service as part of routine maintenance and improvement cycle #283.
284,Deploy API gateway,IN_PROGRESS,Task to deploy the API gateway as part of routine maintenance and improvement cycle #284.
285,Deploy email service,CANCELLED,Task to deploy the email service as part of routine maintenance and improvement cycle #285.
286,Test file upload,PENDING,Task to test the file upload as part of routine maintenance and improvement cycle #286.
287,Document user dashboard,COMPLETED,Task to document the user dashboard as part of routine maintenance and improvement cycle #287.
288,Test notification system,PENDING,Task to test the notification system as part of routine maintenance and improvement cycle #288.
289,Refactor metrics dashboard,PENDING,Task to refactor the metrics dashboard as part of routine maintenance and improvement cycle #289.
290,Investigate task queue,CANCELLED,Task to investigate the task queue as part of routine maintenance and improvement cycle #290.
291,Review Mongo connection,COMPLETED,Task to review the Mongo connection as part of routine maintenance and improvement cycle #291.
292,Optimize logging pipeline,CANCELLED,Task to optimize the logging pipeline as part of routine maintenance and improvement cycle #292.
293,Review Mongo connection,COMPLETED,Task to review the Mongo connection as part of routine maintenance and improvement cycle #293.
294,Investigate database schema,COMPLETED,Task to investigate the database schema as part of routine maintenance and improvement cycle #294.
295,Document logging pipeline,PENDING,Task to document the logging pipeline as part of routine maintenance and improvement cycle #295.
296,Review rate limiter,IN_PROGRESS,Task to review the rate limiter as part of routine maintenance and improvement cycle #296.
297,Fix report generator,PENDING,Task to fix the report generator as part of routine maintenance and improvement cycle #297.
298,Investigate email service,PENDING,Task to investigate the email service as part of routine maintenance and improvement cycle #298.
299,Implement API gateway,CANCELLED,Task to implement the API gateway as part of routine maintenance and improvement cycle #299.
300,Update database schema,CANCELLED,Task to update the database schema as part of routine maintenance and improvement cycle #300.
301,Test metrics dashboard,COMPLETED,Task to test the metrics dashboard as part of routine maintenance and improvement cycle #301.
302,Refactor logging pipeline,CANCELLED,Task to refactor the logging pipeline as part of routine maintenance and improvement cycle #302.
303,Implement task queue,IN_PROGRESS,Task to implement the task queue as part of routine maintenance and improvement cycle #303.
304,Refactor Mongo connection,IN_PROGRESS,Task to refactor the Mongo connection as part of routine maintenance and improvement cycle #304.
305,Update auth flow,CANCELLED,Task to update the auth flow as part of routine maintenance and improvement cycle #305.
306,Deploy metrics dashboard,COMPLETED,Task to deploy the metrics dashboard as part of routine maintenance and improvement cycle #306.
307,Review report generator,COMPLETED,Task to review the report generator as part of routine maintenance and improvement cycle #307.
308,Optimize session handler,CANCELLED,Task to optimize the session handler as part of routine maintenance and improvement cycle #308.
309,Fix task queue,CANCELLED,Task to fix the task queue as part of routine maintenance and improvement cycle #309.
310,Deploy notification system,CANCELLED,Task to deploy the notification system as part of routine maintenance and improvement cycle #310.
311,Document notification system,IN_PROGRESS,Task to document the notification system as part of routine maintenance and improvement cycle #311.
312,Implement session handler,CANCELLED,Task to implement the session handler as part of routine maintenance and improvement cycle #312.
313,Implement email service,PENDING,Task to implement the email service as part of routine maintenance and improvement cycle #313.
314,Deploy logging pipeline,CANCELLED,Task to deploy the logging pipeline as part of routine maintenance and improvement cycle #314.
315,Refactor database schema,CANCELLED,Task to refactor the database schema as part of routine maintenance and improvement cycle #315.
316,Review database schema,COMPLETED,Task to review the database schema as part of routine maintenance and improvement cycle #316.
317,Update task queue,PENDING,Task to update the task queue as part of routine maintenance and improvement cycle #317.
318,Investigate task queue,PENDING,Task to investigate the task queue as part of routine maintenance and improvement cycle #318.
319,Fix email service,IN_PROGRESS,Task to fix the email service as part of routine maintenance and improvement cycle #319.
320,Update logging pipeline,COMPLETED,Task to update the logging pipeline as part of routine maintenance and improvement cycle #320.
321,Deploy rate limiter,CANCELLED,Task to deploy the rate limiter as part of routine maintenance and improvement cycle #321.
322,Update notification system,CANCELLED,Task to update the notification system as part of routine maintenance and improvement cycle #322.
323,Deploy logging pipeline,PENDING,Task to deploy the logging pipeline as part of routine maintenance and improvement cycle #323.
324,Optimize user dashboard,IN_PROGRESS,Task to optimize the user dashboard as part of routine maintenance and improvement cycle #324.
325,Test Redis cache,PENDING,Task to test the Redis cache as part of routine maintenance and improvement cycle #325.
326,Refactor API gateway,PENDING,Task to refactor the API gateway as part of routine maintenance and improvement cycle #326.
327,Document Kafka consumer,COMPLETED,Task to document the Kafka consumer as part of routine maintenance and improvement cycle #327.
328,Review payment service,COMPLETED,Task to review the payment service as part of routine maintenance and improvement cycle #328.
329,Review report generator,COMPLETED,Task to review the report generator as part of routine maintenance and improvement cycle #329.
330,Deploy email service,IN_PROGRESS,Task to deploy the email service as part of routine maintenance and improvement cycle #330.
331,Implement metrics dashboard,CANCELLED,Task to implement the metrics dashboard as part of routine maintenance and improvement cycle #331.
332,Optimize Kafka consumer,IN_PROGRESS,Task to optimize the Kafka consumer as part of routine maintenance and improvement cycle #332.
333,Fix user dashboard,CANCELLED,Task to fix the user dashboard as part of routine maintenance and improvement cycle #333.
334,Optimize Redis cache,CANCELLED,Task to optimize the Redis cache as part of routine maintenance and improvement cycle #334.
335,Optimize database schema,IN_PROGRESS,Task to optimize the database schema as part of routine maintenance and improvement cycle #335.
336,Document auth flow,CANCELLED,Task to document the auth flow as part of routine maintenance and improvement cycle #336.
337,Test login module,CANCELLED,Task to test the login module as part of routine maintenance and improvement cycle #337.
338,Test config loader,IN_PROGRESS,Task to test the config loader as part of routine maintenance and improvement cycle #338.
339,Update task queue,COMPLETED,Task to update the task queue as part of routine maintenance and improvement cycle #339.
340,Optimize report generator,CANCELLED,Task to optimize the report generator as part of routine maintenance and improvement cycle #340.
341,Test task queue,COMPLETED,Task to test the task queue as part of routine maintenance and improvement cycle #341.
342,Implement file upload,CANCELLED,Task to implement the file upload as part of routine maintenance and improvement cycle #342.
343,Update Redis cache,CANCELLED,Task to update the Redis cache as part of routine maintenance and improvement cycle #343.
344,Optimize search index,COMPLETED,Task to optimize the search index as part of routine maintenance and improvement cycle #344.
345,Test login module,CANCELLED,Task to test the login module as part of routine maintenance and improvement cycle #345.
346,Test login module,PENDING,Task to test the login module as part of routine maintenance and improvement cycle #346.
347,Optimize logging pipeline,COMPLETED,Task to optimize the logging pipeline as part of routine maintenance and improvement cycle #347.
348,Implement rate limiter,COMPLETED,Task to implement the rate limiter as part of routine maintenance and improvement cycle #348.
349,Implement Mongo connection,COMPLETED,Task to implement the Mongo connection as part of routine maintenance and improvement cycle #349.
350,Fix API gateway,PENDING,Task to fix the API gateway as part of routine maintenance and improvement cycle #350.
351,Test task queue,PENDING,Task to test the task queue as part of routine maintenance and improvement cycle #351.
352,Optimize search index,IN_PROGRESS,Task to optimize the search index as part of routine maintenance and improvement cycle #352.
353,Update report generator,COMPLETED,Task to update the report generator as part of routine maintenance and improvement cycle #353.
354,Refactor Kafka consumer,IN_PROGRESS,Task to refactor the Kafka consumer as part of routine maintenance and improvement cycle #354.
355,Fix config loader,COMPLETED,Task to fix the config loader as part of routine maintenance and improvement cycle #355.
356,Investigate metrics dashboard,COMPLETED,Task to investigate the metrics dashboard as part of routine maintenance and improvement cycle #356.
357,Fix auth flow,CANCELLED,Task to fix the auth flow as part of routine maintenance and improvement cycle #357.
358,Test notification system,PENDING,Task to test the notification system as part of routine maintenance and improvement cycle #358.
359,Document user dashboard,IN_PROGRESS,Task to document the user dashboard as part of routine maintenance and improvement cycle #359.
360,Implement file upload,COMPLETED,Task to implement the file upload as part of routine maintenance and improvement cycle #360.
361,Update file upload,PENDING,Task to update the file upload as part of routine maintenance and improvement cycle #361.
362,Test config loader,PENDING,Task to test the config loader as part of routine maintenance and improvement cycle #362.
363,Document search index,COMPLETED,Task to document the search index as part of routine maintenance and improvement cycle #363.
364,Optimize file upload,COMPLETED,Task to optimize the file upload as part of routine maintenance and improvement cycle #364.
365,Update Redis cache,CANCELLED,Task to update the Redis cache as part of routine maintenance and improvement cycle #365.
366,Review rate limiter,COMPLETED,Task to review the rate limiter as part of routine maintenance and improvement cycle #366.
367,Optimize Redis cache,PENDING,Task to optimize the Redis cache as part of routine maintenance and improvement cycle #367.
368,Document report generator,CANCELLED,Task to document the report generator as part of routine maintenance and improvement cycle #368.
369,Update database schema,PENDING,Task to update the database schema as part of routine maintenance and improvement cycle #369.
370,Review report generator,CANCELLED,Task to review the report generator as part of routine maintenance and improvement cycle #370.
371,Update API gateway,IN_PROGRESS,Task to update the API gateway as part of routine maintenance and improvement cycle #371.
372,Investigate database schema,CANCELLED,Task to investigate the database schema as part of routine maintenance and improvement cycle #372.
373,Document search index,CANCELLED,Task to document the search index as part of routine maintenance and improvement cycle #373.
374,Optimize database schema,CANCELLED,Task to optimize the database schema as part of routine maintenance and improvement cycle #374.
375,Update logging pipeline,CANCELLED,Task to update the logging pipeline as part of routine maintenance and improvement cycle #375.
376,Test payment service,COMPLETED,Task to test the payment service as part of routine maintenance and improvement cycle #376.
377,Implement task queue,CANCELLED,Task to implement the task queue as part of routine maintenance and improvement cycle #377.
378,Implement search index,PENDING,Task to implement the search index as part of routine maintenance and improvement cycle #378.
379,Deploy config loader,COMPLETED,Task to deploy the config loader as part of routine maintenance and improvement cycle #379.
380,Review file upload,COMPLETED,Task to review the file upload as part of routine maintenance and improvement cycle #380.
381,Implement API gateway,CANCELLED,Task to implement the API gateway as part of routine maintenance and improvement cycle #381.
382,Update Mongo connection,PENDING,Task to update the Mongo connection as part of routine maintenance and improvement cycle #382.
383,Review notification system,IN_PROGRESS,Task to review the notification system as part of routine maintenance and improvement cycle #383.
384,Fix session handler,IN_PROGRESS,Task to fix the session handler as part of routine maintenance and improvement cycle #384.
385,Update config loader,IN_PROGRESS,Task to update the config loader as part of routine maintenance and improvement cycle #385.
386,Optimize Mongo connection,IN_PROGRESS,Task to optimize the Mongo connection as part of routine maintenance and improvement cycle #386.
387,Deploy database schema,PENDING,Task to deploy the database schema as part of routine maintenance and improvement cycle #387.
388,Test database schema,IN_PROGRESS,Task to test the database schema as part of routine maintenance and improvement cycle #388.
389,Investigate auth flow,IN_PROGRESS,Task to investigate the auth flow as part of routine maintenance and improvement cycle #389.
390,Update login module,IN_PROGRESS,Task to update the login module as part of routine maintenance and improvement cycle #390.
391,Review search index,IN_PROGRESS,Task to review the search index as part of routine maintenance and improvement cycle #391.
392,Optimize notification system,PENDING,Task to optimize the notification system as part of routine maintenance and improvement cycle #392.
393,Fix auth flow,PENDING,Task to fix the auth flow as part of routine maintenance and improvement cycle #393.
394,Fix email service,PENDING,Task to fix the email service as part of routine maintenance and improvement cycle #394.
395,Update logging pipeline,CANCELLED,Task to update the logging pipeline as part of routine maintenance and improvement cycle #395.
396,Deploy metrics dashboard,PENDING,Task to deploy the metrics dashboard as part of routine maintenance and improvement cycle #396.
397,Document metrics dashboard,IN_PROGRESS,Task to document the metrics dashboard as part of routine maintenance and improvement cycle #397.
398,Optimize payment service,COMPLETED,Task to optimize the payment service as part of routine maintenance and improvement cycle #398.
399,Document login module,PENDING,Task to document the login module as part of routine maintenance and improvement cycle #399.
400,Document file upload,CANCELLED,Task to document the file upload as part of routine maintenance and improvement cycle #400.
401,Update logging pipeline,CANCELLED,Task to update the logging pipeline as part of routine maintenance and improvement cycle #401.
402,Update user dashboard,COMPLETED,Task to update the user dashboard as part of routine maintenance and improvement cycle #402.
403,Optimize database schema,PENDING,Task to optimize the database schema as part of routine maintenance and improvement cycle #403.
404,Fix auth flow,COMPLETED,Task to fix the auth flow as part of routine maintenance and improvement cycle #404.
405,Refactor rate limiter,COMPLETED,Task to refactor the rate limiter as part of routine maintenance and improvement cycle #405.
406,Document metrics dashboard,CANCELLED,Task to document the metrics dashboard as part of routine maintenance and improvement cycle #406.
407,Update API gateway,IN_PROGRESS,Task to update the API gateway as part of routine maintenance and improvement cycle #407.
408,Refactor task queue,IN_PROGRESS,Task to refactor the task queue as part of routine maintenance and improvement cycle #408.
409,Refactor notification system,CANCELLED,Task to refactor the notification system as part of routine maintenance and improvement cycle #409.
410,Refactor email service,PENDING,Task to refactor the email service as part of routine maintenance and improvement cycle #410.
411,Deploy email service,COMPLETED,Task to deploy the email service as part of routine maintenance and improvement cycle #411.
412,Test search index,IN_PROGRESS,Task to test the search index as part of routine maintenance and improvement cycle #412.
413,Document user dashboard,PENDING,Task to document the user dashboard as part of routine maintenance and improvement cycle #413.
414,Update user dashboard,CANCELLED,Task to update the user dashboard as part of routine maintenance and improvement cycle #414.
415,Update search index,IN_PROGRESS,Task to update the search index as part of routine maintenance and improvement cycle #415.
416,Investigate payment service,COMPLETED,Task to investigate the payment service as part of routine maintenance and improvement cycle #416.
417,Update email service,COMPLETED,Task to update the email service as part of routine maintenance and improvement cycle #417.
418,Refactor payment service,COMPLETED,Task to refactor the payment service as part of routine maintenance and improvement cycle #418.
419,Optimize report generator,COMPLETED,Task to optimize the report generator as part of routine maintenance and improvement cycle #419.
420,Update session handler,IN_PROGRESS,Task to update the session handler as part of routine maintenance and improvement cycle #420.
421,Fix logging pipeline,IN_PROGRESS,Task to fix the logging pipeline as part of routine maintenance and improvement cycle #421.
422,Update search index,COMPLETED,Task to update the search index as part of routine maintenance and improvement cycle #422.
423,Update auth flow,IN_PROGRESS,Task to update the auth flow as part of routine maintenance and improvement cycle #423.
424,Refactor config loader,PENDING,Task to refactor the config loader as part of routine maintenance and improvement cycle #424.
425,Optimize auth flow,PENDING,Task to optimize the auth flow as part of routine maintenance and improvement cycle #425.
426,Fix auth flow,COMPLETED,Task to fix the auth flow as part of routine maintenance and improvement cycle #426.
427,Deploy search index,PENDING,Task to deploy the search index as part of routine maintenance and improvement cycle #427.
428,Fix database schema,CANCELLED,Task to fix the database schema as part of routine maintenance and improvement cycle #428.
429,Update database schema,PENDING,Task to update the database schema as part of routine maintenance and improvement cycle #429.
430,Update metrics dashboard,IN_PROGRESS,Task to update the metrics dashboard as part of routine maintenance and improvement cycle #430.
431,Refactor email service,CANCELLED,Task to refactor the email service as part of routine maintenance and improvement cycle #431.
432,Deploy Kafka consumer,COMPLETED,Task to deploy the Kafka consumer as part of routine maintenance and improvement cycle #432.
433,Test notification system,PENDING,Task to test the notification system as part of routine maintenance and improvement cycle #433.
434,Review database schema,IN_PROGRESS,Task to review the database schema as part of routine maintenance and improvement cycle #434.
435,Optimize payment service,PENDING,Task to optimize the payment service as part of routine maintenance and improvement cycle #435.
436,Test task queue,CANCELLED,Task to test the task queue as part of routine maintenance and improvement cycle #436.
437,Document rate limiter,CANCELLED,Task to document the rate limiter as part of routine maintenance and improvement cycle #437.
438,Refactor auth flow,IN_PROGRESS,Task to refactor the auth flow as part of routine maintenance and improvement cycle #438.
439,Investigate API gateway,COMPLETED,Task to investigate the API gateway as part of routine maintenance and improvement cycle #439.
440,Refactor API gateway,COMPLETED,Task to refactor the API gateway as part of routine maintenance and improvement cycle #440.
441,Optimize logging pipeline,COMPLETED,Task to optimize the logging pipeline as part of routine maintenance and improvement cycle #441.
442,Review Redis cache,CANCELLED,Task to review the Redis cache as part of routine maintenance and improvement cycle #442.
443,Optimize payment service,PENDING,Task to optimize the payment service as part of routine maintenance and improvement cycle #443.
444,Implement report generator,IN_PROGRESS,Task to implement the report generator as part of routine maintenance and improvement cycle #444.
445,Fix auth flow,COMPLETED,Task to fix the auth flow as part of routine maintenance and improvement cycle #445.
446,Deploy API gateway,PENDING,Task to deploy the API gateway as part of routine maintenance and improvement cycle #446.
447,Document email service,IN_PROGRESS,Task to document the email service as part of routine maintenance and improvement cycle #447.
448,Fix file upload,IN_PROGRESS,Task to fix the file upload as part of routine maintenance and improvement cycle #448.
449,Investigate config loader,COMPLETED,Task to investigate the config loader as part of routine maintenance and improvement cycle #449.
450,Update file upload,PENDING,Task to update the file upload as part of routine maintenance and improvement cycle #450.
451,Refactor login module,CANCELLED,Task to refactor the login module as part of routine maintenance and improvement cycle #451.
452,Update notification system,CANCELLED,Task to update the notification system as part of routine maintenance and improvement cycle #452.
453,Optimize file upload,CANCELLED,Task to optimize the file upload as part of routine maintenance and improvement cycle #453.
454,Test API gateway,CANCELLED,Task to test the API gateway as part of routine maintenance and improvement cycle #454.
455,Review notification system,IN_PROGRESS,Task to review the notification system as part of routine maintenance and improvement cycle #455.
456,Optimize task queue,COMPLETED,Task to optimize the task queue as part of routine maintenance and improvement cycle #456.
457,Update email service,PENDING,Task to update the email service as part of routine maintenance and improvement cycle #457.
458,Implement email service,CANCELLED,Task to implement the email service as part of routine maintenance and improvement cycle #458.
459,Investigate user dashboard,CANCELLED,Task to investigate the user dashboard as part of routine maintenance and improvement cycle #459.
460,Test notification system,IN_PROGRESS,Task to test the notification system as part of routine maintenance and improvement cycle #460.
461,Deploy Kafka consumer,PENDING,Task to deploy the Kafka consumer as part of routine maintenance and improvement cycle #461.
462,Investigate API gateway,IN_PROGRESS,Task to investigate the API gateway as part of routine maintenance and improvement cycle #462.
463,Deploy search index,IN_PROGRESS,Task to deploy the search index as part of routine maintenance and improvement cycle #463.
464,Implement API gateway,IN_PROGRESS,Task to implement the API gateway as part of routine maintenance and improvement cycle #464.
465,Test Mongo connection,IN_PROGRESS,Task to test the Mongo connection as part of routine maintenance and improvement cycle #465.
466,Optimize database schema,PENDING,Task to optimize the database schema as part of routine maintenance and improvement cycle #466.
467,Fix logging pipeline,CANCELLED,Task to fix the logging pipeline as part of routine maintenance and improvement cycle #467.
468,Optimize session handler,CANCELLED,Task to optimize the session handler as part of routine maintenance and improvement cycle #468.
469,Optimize rate limiter,COMPLETED,Task to optimize the rate limiter as part of routine maintenance and improvement cycle #469.
470,Deploy database schema,CANCELLED,Task to deploy the database schema as part of routine maintenance and improvement cycle #470.
471,Update logging pipeline,CANCELLED,Task to update the logging pipeline as part of routine maintenance and improvement cycle #471.
472,Test auth flow,PENDING,Task to test the auth flow as part of routine maintenance and improvement cycle #472.
473,Deploy metrics dashboard,PENDING,Task to deploy the metrics dashboard as part of routine maintenance and improvement cycle #473.
474,Test task queue,CANCELLED,Task to test the task queue as part of routine maintenance and improvement cycle #474.
475,Review payment service,COMPLETED,Task to review the payment service as part of routine maintenance and improvement cycle #475.
476,Test user dashboard,PENDING,Task to test the user dashboard as part of routine maintenance and improvement cycle #476.
477,Optimize rate limiter,CANCELLED,Task to optimize the rate limiter as part of routine maintenance and improvement cycle #477.
478,Document session handler,PENDING,Task to document the session handler as part of routine maintenance and improvement cycle #478.
479,Document session handler,IN_PROGRESS,Task to document the session handler as part of routine maintenance and improvement cycle #479.
480,Deploy rate limiter,CANCELLED,Task to deploy the rate limiter as part of routine maintenance and improvement cycle #480.
481,Investigate database schema,PENDING,Task to investigate the database schema as part of routine maintenance and improvement cycle #481.
482,Document API gateway,COMPLETED,Task to document the API gateway as part of routine maintenance and improvement cycle #482.
483,Update metrics dashboard,IN_PROGRESS,Task to update the metrics dashboard as part of routine maintenance and improvement cycle #483.
484,Review Redis cache,CANCELLED,Task to review the Redis cache as part of routine maintenance and improvement cycle #484.
485,Document metrics dashboard,IN_PROGRESS,Task to document the metrics dashboard as part of routine maintenance and improvement cycle #485.
486,Deploy search index,COMPLETED,Task to deploy the search index as part of routine maintenance and improvement cycle #486.
487,Refactor email service,COMPLETED,Task to refactor the email service as part of routine maintenance and improvement cycle #487.
488,Optimize payment service,COMPLETED,Task to optimize the payment service as part of routine maintenance and improvement cycle #488.
489,Update notification system,PENDING,Task to update the notification system as part of routine maintenance and improvement cycle #489.
490,Investigate file upload,COMPLETED,Task to investigate the file upload as part of routine maintenance and improvement cycle #490.
491,Test rate limiter,IN_PROGRESS,Task to test the rate limiter as part of routine maintenance and improvement cycle #491.
492,Deploy user dashboard,IN_PROGRESS,Task to deploy the user dashboard as part of routine maintenance and improvement cycle #492.
493,Deploy report generator,CANCELLED,Task to deploy the report generator as part of routine maintenance and improvement cycle #493.
494,Fix rate limiter,PENDING,Task to fix the rate limiter as part of routine maintenance and improvement cycle #494.
495,Test config loader,CANCELLED,Task to test the config loader as part of routine maintenance and improvement cycle #495.
496,Deploy database schema,PENDING,Task to deploy the database schema as part of routine maintenance and improvement cycle #496.
497,Refactor metrics dashboard,COMPLETED,Task to refactor the metrics dashboard as part of routine maintenance and improvement cycle #497.
498,Review search index,COMPLETED,Task to review the search index as part of routine maintenance and improvement cycle #498.
499,Fix Mongo connection,COMPLETED,Task to fix the Mongo connection as part of routine maintenance and improvement cycle #499.
500,Document Mongo connection,IN_PROGRESS,Task to document the Mongo connection as part of routine maintenance and improvement cycle #500.
