id,title,description,status
1,Update login module,Task to update the login module as part of routine
maintenance cycle #1.,CANCELLED
2,Test Redis cache,Task to test the Redis cache as part of routine
maintenance cycle #2.,IN_PROGRESS
3,Fix API gateway,Task to fix the API gateway as part of routine maintenance
cycle #3.,CANCELLED
4,Investigate user dashboard,Task to investigate the user dashboard as part
of routine maintenance cycle #4.,COMPLETED
5,Refactor payment service,Task to refactor the payment service as part of
routine maintenance cycle #5.,TODO
6,Update Mongo connection,Task to update the Mongo connection as part of
routine maintenance cycle #6.,IN_PROGRESS
7,Investigate rate limiter,Task to investigate the rate limiter as part of routine
maintenance cycle #7.,TODO
8,Investigate Mongo connection,Task to investigate the Mongo connection as
part of routine maintenance cycle #8.,CANCELLED
9,Investigate email service,Task to investigate the email service as part of
routine maintenance cycle #9.,IN_PROGRESS
10,Document session handler,Task to document the session handler as part
of routine maintenance cycle #10.,DONE
11,Review Kafka consumer,Task to review the Kafka consumer as part of
routine maintenance cycle #11.,CANCELLED
12,Refactor notification system,Task to refactor the notification system as
part of routine maintenance cycle #12.,DONE
13,Fix Mongo connection,Task to fix the Mongo connection as part of routine
maintenance cycle #13.,DONE
14,Update user dashboard,Task to update the user dashboard as part of
routine maintenance cycle #14.,PENDING
15,Update search index,Task to update the search index as part of routine
maintenance cycle #15.,DONE
16,Optimize auth flow,Task to optimize the auth flow as part of routine
maintenance cycle #16.,TODO
17,Document config loader,Task to document the config loader as part of
routine maintenance cycle #17.,TODO
18,Refactor user dashboard,Task to refactor the user dashboard as part of
routine maintenance cycle #18.,COMPLETED
19,Test rate limiter,Task to test the rate limiter as part of routine maintenance
cycle #19.,DONE
20,Optimize Mongo connection,Task to optimize the Mongo connection as
part of routine maintenance cycle #20.,CANCELLED
21,Update payment service,Task to update the payment service as part of
routine maintenance cycle #21.,CANCELLED
22,Implement report generator,Task to implement the report generator as part
of routine maintenance cycle #22.,TODO
23,Implement API gateway,Task to implement the API gateway as part of
routine maintenance cycle #23.,PENDING
24,Test task queue,Task to test the task queue as part of routine maintenance
cycle #24.,CANCELLED
25,Deploy Kafka consumer,Task to deploy the Kafka consumer as part of
routine maintenance cycle #25.,DONE
26,Deploy Mongo connection,Task to deploy the Mongo connection as part of
routine maintenance cycle #26.,CANCELLED
27,Test user dashboard,Task to test the user dashboard as part of routine
maintenance cycle #27.,COMPLETED
28,Fix config loader,Task to fix the config loader as part of routine
maintenance cycle #28.,CANCELLED
29,Implement Kafka consumer,Task to implement the Kafka consumer as part
of routine maintenance cycle #29.,PENDING
30,Refactor auth flow,Task to refactor the auth flow as part of routine
maintenance cycle #30.,CANCELLED
31,Investigate Redis cache,Task to investigate the Redis cache as part of
routine maintenance cycle #31.,CANCELLED
32,Deploy payment service,Task to deploy the payment service as part of
routine maintenance cycle #32.,IN_PROGRESS
33,Review notification system,Task to review the notification system as part
of routine maintenance cycle #33.,PENDING
34,Test user dashboard,Task to test the user dashboard as part of routine
maintenance cycle #34.,IN_PROGRESS
35,Optimize notification system,Task to optimize the notification system as
part of routine maintenance cycle #35.,IN_PROGRESS
36,Document file upload,Task to document the file upload as part of routine
maintenance cycle #36.,CANCELLED
37,Document database schema,Task to document the database schema as
part of routine maintenance cycle #37.,DONE
38,Fix Redis cache,Task to fix the Redis cache as part of routine maintenance
cycle #38.,CANCELLED
39,Investigate config loader,Task to investigate the config loader as part of
routine maintenance cycle #39.,DONE
40,Optimize email service,Task to optimize the email service as part of routine
maintenance cycle #40.,COMPLETED
41,Refactor search index,Task to refactor the search index as part of routine
maintenance cycle #41.,IN_PROGRESS
42,Fix metrics dashboard,Task to fix the metrics dashboard as part of routine
maintenance cycle #42.,PENDING
43,Update payment service,Task to update the payment service as part of
routine maintenance cycle #43.,TODO
44,Fix Kafka consumer,Task to fix the Kafka consumer as part of routine
maintenance cycle #44.,CANCELLED
45,Refactor rate limiter,Task to refactor the rate limiter as part of routine
maintenance cycle #45.,TODO
46,Refactor file upload,Task to refactor the file upload as part of routine
maintenance cycle #46.,COMPLETED
47,Document metrics dashboard,Task to document the metrics dashboard as
part of routine maintenance cycle #47.,DONE
48,Investigate login module,Task to investigate the login module as part of
routine maintenance cycle #48.,CANCELLED
49,Update config loader,Task to update the config loader as part of routine
maintenance cycle #49.,DONE
50,Deploy API gateway,Task to deploy the API gateway as part of routine
maintenance cycle #50.,DONE
51,Refactor Kafka consumer,Task to refactor the Kafka consumer as part of
routine maintenance cycle #51.,PENDING
52,Review auth flow,Task to review the auth flow as part of routine
maintenance cycle #52.,COMPLETED
53,Fix metrics dashboard,Task to fix the metrics dashboard as part of routine
maintenance cycle #53.,TODO
54,Test metrics dashboard,Task to test the metrics dashboard as part of
routine maintenance cycle #54.,COMPLETED
55,Implement database schema,Task to implement the database schema as
part of routine maintenance cycle #55.,DONE
56,Fix config loader,Task to fix the config loader as part of routine
maintenance cycle #56.,COMPLETED
57,Review rate limiter,Task to review the rate limiter as part of routine
maintenance cycle #57.,DONE
58,Document login module,Task to document the login module as part of
routine maintenance cycle #58.,TODO
59,Deploy report generator,Task to deploy the report generator as part of
routine maintenance cycle #59.,IN_PROGRESS
60,Review Redis cache,Task to review the Redis cache as part of routine
maintenance cycle #60.,COMPLETED
61,Update user dashboard,Task to update the user dashboard as part of
routine maintenance cycle #61.,CANCELLED
62,Document user dashboard,Task to document the user dashboard as part
of routine maintenance cycle #62.,COMPLETED
63,Fix database schema,Task to fix the database schema as part of routine
maintenance cycle #63.,CANCELLED
64,Document config loader,Task to document the config loader as part of
routine maintenance cycle #64.,IN_PROGRESS
65,Test metrics dashboard,Task to test the metrics dashboard as part of
routine maintenance cycle #65.,COMPLETED
66,Refactor Mongo connection,Task to refactor the Mongo connection as part
of routine maintenance cycle #66.,COMPLETED
67,Implement report generator,Task to implement the report generator as part
of routine maintenance cycle #67.,PENDING
68,Deploy task queue,Task to deploy the task queue as part of routine
maintenance cycle #68.,COMPLETED
69,Document API gateway,Task to document the API gateway as part of
routine maintenance cycle #69.,IN_PROGRESS
70,Implement user dashboard,Task to implement the user dashboard as part
of routine maintenance cycle #70.,DONE
71,Review session handler,Task to review the session handler as part of
routine maintenance cycle #71.,COMPLETED
72,Implement session handler,Task to implement the session handler as part
of routine maintenance cycle #72.,IN_PROGRESS
73,Review user dashboard,Task to review the user dashboard as part of
routine maintenance cycle #73.,CANCELLED
74,Review Redis cache,Task to review the Redis cache as part of routine
maintenance cycle #74.,TODO
75,Review notification system,Task to review the notification system as part
of routine maintenance cycle #75.,TODO
76,Investigate Redis cache,Task to investigate the Redis cache as part of
routine maintenance cycle #76.,DONE
77,Document Mongo connection,Task to document the Mongo connection as
part of routine maintenance cycle #77.,COMPLETED
78,Fix session handler,Task to fix the session handler as part of routine
maintenance cycle #78.,COMPLETED
79,Document Redis cache,Task to document the Redis cache as part of
routine maintenance cycle #79.,PENDING
80,Refactor Mongo connection,Task to refactor the Mongo connection as part
of routine maintenance cycle #80.,TODO
81,Update email service,Task to update the email service as part of routine
maintenance cycle #81.,DONE
82,Refactor email service,Task to refactor the email service as part of routine
maintenance cycle #82.,PENDING
83,Review API gateway,Task to review the API gateway as part of routine
maintenance cycle #83.,TODO
84,Refactor notification system,Task to refactor the notification system as
part of routine maintenance cycle #84.,TODO
85,Implement Mongo connection,Task to implement the Mongo connection as
part of routine maintenance cycle #85.,IN_PROGRESS
86,Investigate task queue,Task to investigate the task queue as part of routine
maintenance cycle #86.,IN_PROGRESS
87,Refactor Kafka consumer,Task to refactor the Kafka consumer as part of
routine maintenance cycle #87.,DONE
88,Document Redis cache,Task to document the Redis cache as part of
routine maintenance cycle #88.,TODO
89,Document config loader,Task to document the config loader as part of
routine maintenance cycle #89.,TODO
90,Review config loader,Task to review the config loader as part of routine
maintenance cycle #90.,TODO
91,Update Redis cache,Task to update the Redis cache as part of routine
maintenance cycle #91.,IN_PROGRESS
92,Refactor logging pipeline,Task to refactor the logging pipeline as part of
routine maintenance cycle #92.,PENDING
93,Implement file upload,Task to implement the file upload as part of routine
maintenance cycle #93.,TODO
94,Fix file upload,Task to fix the file upload as part of routine maintenance
cycle #94.,TODO
95,Refactor auth flow,Task to refactor the auth flow as part of routine
maintenance cycle #95.,PENDING
96,Test email service,Task to test the email service as part of routine
maintenance cycle #96.,CANCELLED
97,Investigate logging pipeline,Task to investigate the logging pipeline as part
of routine maintenance cycle #97.,IN_PROGRESS
98,Implement report generator,Task to implement the report generator as part
of routine maintenance cycle #98.,IN_PROGRESS
99,Review session handler,Task to review the session handler as part of
routine maintenance cycle #99.,CANCELLED
100,Investigate payment service,Task to investigate the payment service as
part of routine maintenance cycle #100.,CANCELLED
101,Deploy payment service,Task to deploy the payment service as part of
routine maintenance cycle #101.,TODO
102,Optimize logging pipeline,Task to optimize the logging pipeline as part of
routine maintenance cycle #102.,COMPLETED
103,Investigate Kafka consumer,Task to investigate the Kafka consumer as
part of routine maintenance cycle #103.,TODO
104,Investigate user dashboard,Task to investigate the user dashboard as
part of routine maintenance cycle #104.,IN_PROGRESS
105,Update rate limiter,Task to update the rate limiter as part of routine
maintenance cycle #105.,TODO
106,Implement file upload,Task to implement the file upload as part of routine
maintenance cycle #106.,TODO
107,Optimize Redis cache,Task to optimize the Redis cache as part of routine
maintenance cycle #107.,COMPLETED
108,Optimize payment service,Task to optimize the payment service as part
of routine maintenance cycle #108.,COMPLETED
109,Update email service,Task to update the email service as part of routine
maintenance cycle #109.,CANCELLED
110,Optimize session handler,Task to optimize the session handler as part of
routine maintenance cycle #110.,COMPLETED
111,Deploy auth flow,Task to deploy the auth flow as part of routine
maintenance cycle #111.,IN_PROGRESS
112,Deploy Redis cache,Task to deploy the Redis cache as part of routine
maintenance cycle #112.,DONE
113,Refactor database schema,Task to refactor the database schema as part
of routine maintenance cycle #113.,CANCELLED
114,Test task queue,Task to test the task queue as part of routine
maintenance cycle #114.,DONE
115,Update login module,Task to update the login module as part of routine
maintenance cycle #115.,PENDING
116,Optimize session handler,Task to optimize the session handler as part of
routine maintenance cycle #116.,TODO
117,Update config loader,Task to update the config loader as part of routine
maintenance cycle #117.,IN_PROGRESS
118,Investigate auth flow,Task to investigate the auth flow as part of routine
maintenance cycle #118.,IN_PROGRESS
119,Deploy user dashboard,Task to deploy the user dashboard as part of
routine maintenance cycle #119.,IN_PROGRESS
120,Deploy report generator,Task to deploy the report generator as part of
routine maintenance cycle #120.,IN_PROGRESS
121,Document config loader,Task to document the config loader as part of
routine maintenance cycle #121.,CANCELLED
122,Test rate limiter,Task to test the rate limiter as part of routine maintenance
cycle #122.,CANCELLED
123,Investigate login module,Task to investigate the login module as part of
routine maintenance cycle #123.,CANCELLED
124,Investigate report generator,Task to investigate the report generator as
part of routine maintenance cycle #124.,CANCELLED
125,Update database schema,Task to update the database schema as part of
routine maintenance cycle #125.,DONE
126,Update API gateway,Task to update the API gateway as part of routine
maintenance cycle #126.,CANCELLED
127,Investigate database schema,Task to investigate the database schema
as part of routine maintenance cycle #127.,DONE
128,Test rate limiter,Task to test the rate limiter as part of routine maintenance
cycle #128.,IN_PROGRESS
129,Deploy Mongo connection,Task to deploy the Mongo connection as part
of routine maintenance cycle #129.,CANCELLED
130,Test metrics dashboard,Task to test the metrics dashboard as part of
routine maintenance cycle #130.,PENDING
131,Test payment service,Task to test the payment service as part of routine
maintenance cycle #131.,TODO
132,Refactor auth flow,Task to refactor the auth flow as part of routine
maintenance cycle #132.,TODO
133,Review notification system,Task to review the notification system as part
of routine maintenance cycle #133.,IN_PROGRESS
134,Test Kafka consumer,Task to test the Kafka consumer as part of routine
maintenance cycle #134.,CANCELLED
135,Document config loader,Task to document the config loader as part of
routine maintenance cycle #135.,CANCELLED
136,Refactor config loader,Task to refactor the config loader as part of routine
maintenance cycle #136.,TODO
137,Update user dashboard,Task to update the user dashboard as part of
routine maintenance cycle #137.,CANCELLED
138,Fix config loader,Task to fix the config loader as part of routine
maintenance cycle #138.,TODO
139,Deploy session handler,Task to deploy the session handler as part of
routine maintenance cycle #139.,COMPLETED
140,Fix email service,Task to fix the email service as part of routine
maintenance cycle #140.,IN_PROGRESS
141,Review report generator,Task to review the report generator as part of
routine maintenance cycle #141.,DONE
142,Review search index,Task to review the search index as part of routine
maintenance cycle #142.,IN_PROGRESS
143,Implement API gateway,Task to implement the API gateway as part of
routine maintenance cycle #143.,DONE
144,Investigate email service,Task to investigate the email service as part of
routine maintenance cycle #144.,COMPLETED
145,Fix Redis cache,Task to fix the Redis cache as part of routine
maintenance cycle #145.,IN_PROGRESS
146,Fix email service,Task to fix the email service as part of routine
maintenance cycle #146.,TODO
147,Fix notification system,Task to fix the notification system as part of
routine maintenance cycle #147.,PENDING
148,Implement auth flow,Task to implement the auth flow as part of routine
maintenance cycle #148.,IN_PROGRESS
149,Update file upload,Task to update the file upload as part of routine
maintenance cycle #149.,TODO
150,Document Redis cache,Task to document the Redis cache as part of
routine maintenance cycle #150.,IN_PROGRESS
151,Document search index,Task to document the search index as part of
routine maintenance cycle #151.,DONE
152,Implement Redis cache,Task to implement the Redis cache as part of
routine maintenance cycle #152.,TODO
153,Implement file upload,Task to implement the file upload as part of routine
maintenance cycle #153.,DONE
154,Test user dashboard,Task to test the user dashboard as part of routine
maintenance cycle #154.,DONE
155,Deploy metrics dashboard,Task to deploy the metrics dashboard as part
of routine maintenance cycle #155.,PENDING
156,Investigate notification system,Task to investigate the notification system
as part of routine maintenance cycle #156.,TODO
157,Update auth flow,Task to update the auth flow as part of routine
maintenance cycle #157.,IN_PROGRESS
158,Optimize auth flow,Task to optimize the auth flow as part of routine
maintenance cycle #158.,TODO
159,Update rate limiter,Task to update the rate limiter as part of routine
maintenance cycle #159.,PENDING
160,Deploy notification system,Task to deploy the notification system as part
of routine maintenance cycle #160.,PENDING
161,Optimize metrics dashboard,Task to optimize the metrics dashboard as
part of routine maintenance cycle #161.,TODO
162,Refactor session handler,Task to refactor the session handler as part of
routine maintenance cycle #162.,IN_PROGRESS
163,Test payment service,Task to test the payment service as part of routine
maintenance cycle #163.,CANCELLED
164,Refactor login module,Task to refactor the login module as part of routine
maintenance cycle #164.,COMPLETED
165,Investigate Mongo connection,Task to investigate the Mongo connection
as part of routine maintenance cycle #165.,DONE
166,Refactor user dashboard,Task to refactor the user dashboard as part of
routine maintenance cycle #166.,CANCELLED
167,Deploy rate limiter,Task to deploy the rate limiter as part of routine
maintenance cycle #167.,DONE
168,Update report generator,Task to update the report generator as part of
routine maintenance cycle #168.,COMPLETED
169,Test email service,Task to test the email service as part of routine
maintenance cycle #169.,DONE
170,Refactor report generator,Task to refactor the report generator as part of
routine maintenance cycle #170.,COMPLETED
171,Fix Mongo connection,Task to fix the Mongo connection as part of
routine maintenance cycle #171.,PENDING
172,Refactor Kafka consumer,Task to refactor the Kafka consumer as part of
routine maintenance cycle #172.,COMPLETED
173,Optimize report generator,Task to optimize the report generator as part of
routine maintenance cycle #173.,PENDING
174,Investigate login module,Task to investigate the login module as part of
routine maintenance cycle #174.,DONE
175,Test Mongo connection,Task to test the Mongo connection as part of
routine maintenance cycle #175.,PENDING
176,Optimize rate limiter,Task to optimize the rate limiter as part of routine
maintenance cycle #176.,CANCELLED
177,Deploy task queue,Task to deploy the task queue as part of routine
maintenance cycle #177.,PENDING
178,Document Mongo connection,Task to document the Mongo connection
as part of routine maintenance cycle #178.,COMPLETED
179,Document Kafka consumer,Task to document the Kafka consumer as
part of routine maintenance cycle #179.,CANCELLED
180,Update report generator,Task to update the report generator as part of
routine maintenance cycle #180.,COMPLETED
181,Optimize notification system,Task to optimize the notification system as
part of routine maintenance cycle #181.,TODO
182,Implement report generator,Task to implement the report generator as part
of routine maintenance cycle #182.,IN_PROGRESS
183,Implement database schema,Task to implement the database schema as
part of routine maintenance cycle #183.,TODO
184,Review Redis cache,Task to review the Redis cache as part of routine
maintenance cycle #184.,PENDING
185,Optimize user dashboard,Task to optimize the user dashboard as part of
routine maintenance cycle #185.,PENDING
186,Refactor session handler,Task to refactor the session handler as part of
routine maintenance cycle #186.,IN_PROGRESS
187,Refactor logging pipeline,Task to refactor the logging pipeline as part of
routine maintenance cycle #187.,PENDING
188,Implement database schema,Task to implement the database schema as
part of routine maintenance cycle #188.,CANCELLED
189,Review API gateway,Task to review the API gateway as part of routine
maintenance cycle #189.,PENDING
190,Implement Kafka consumer,Task to implement the Kafka consumer as
part of routine maintenance cycle #190.,CANCELLED
191,Investigate task queue,Task to investigate the task queue as part of
routine maintenance cycle #191.,TODO
192,Investigate Redis cache,Task to investigate the Redis cache as part of
routine maintenance cycle #192.,TODO
193,Document database schema,Task to document the database schema as
part of routine maintenance cycle #193.,PENDING
194,Investigate config loader,Task to investigate the config loader as part of
routine maintenance cycle #194.,COMPLETED
195,Deploy task queue,Task to deploy the task queue as part of routine
maintenance cycle #195.,COMPLETED
196,Investigate email service,Task to investigate the email service as part of
routine maintenance cycle #196.,COMPLETED
197,Document Kafka consumer,Task to document the Kafka consumer as
part of routine maintenance cycle #197.,CANCELLED
198,Document task queue,Task to document the task queue as part of routine
maintenance cycle #198.,DONE
199,Implement auth flow,Task to implement the auth flow as part of routine
maintenance cycle #199.,COMPLETED
200,Document Redis cache,Task to document the Redis cache as part of
routine maintenance cycle #200.,DONE
201,Document user dashboard,Task to document the user dashboard as part
of routine maintenance cycle #201.,CANCELLED
202,Test Redis cache,Task to test the Redis cache as part of routine
maintenance cycle #202.,DONE
203,Deploy notification system,Task to deploy the notification system as part
of routine maintenance cycle #203.,COMPLETED
204,Update database schema,Task to update the database schema as part of
routine maintenance cycle #204.,IN_PROGRESS
205,Implement file upload,Task to implement the file upload as part of routine
maintenance cycle #205.,CANCELLED
206,Fix Mongo connection,Task to fix the Mongo connection as part of
routine maintenance cycle #206.,TODO
207,Refactor email service,Task to refactor the email service as part of routine
maintenance cycle #207.,DONE
208,Investigate task queue,Task to investigate the task queue as part of
routine maintenance cycle #208.,PENDING
209,Review Mongo connection,Task to review the Mongo connection as part
of routine maintenance cycle #209.,PENDING
210,Refactor session handler,Task to refactor the session handler as part of
routine maintenance cycle #210.,CANCELLED
211,Review session handler,Task to review the session handler as part of
routine maintenance cycle #211.,PENDING
212,Document login module,Task to document the login module as part of
routine maintenance cycle #212.,DONE
213,Test file upload,Task to test the file upload as part of routine maintenance
cycle #213.,PENDING
214,Investigate config loader,Task to investigate the config loader as part of
routine maintenance cycle #214.,COMPLETED
215,Implement logging pipeline,Task to implement the logging pipeline as
part of routine maintenance cycle #215.,IN_PROGRESS
216,Test email service,Task to test the email service as part of routine
maintenance cycle #216.,PENDING
217,Review file upload,Task to review the file upload as part of routine
maintenance cycle #217.,DONE
218,Refactor Kafka consumer,Task to refactor the Kafka consumer as part of
routine maintenance cycle #218.,PENDING
219,Fix rate limiter,Task to fix the rate limiter as part of routine maintenance
cycle #219.,COMPLETED
220,Review file upload,Task to review the file upload as part of routine
maintenance cycle #220.,COMPLETED
221,Optimize login module,Task to optimize the login module as part of
routine maintenance cycle #221.,TODO
222,Refactor database schema,Task to refactor the database schema as part
of routine maintenance cycle #222.,PENDING
223,Fix payment service,Task to fix the payment service as part of routine
maintenance cycle #223.,DONE
224,Refactor notification system,Task to refactor the notification system as
part of routine maintenance cycle #224.,IN_PROGRESS
225,Document notification system,Task to document the notification system
as part of routine maintenance cycle #225.,DONE
226,Refactor auth flow,Task to refactor the auth flow as part of routine
maintenance cycle #226.,PENDING
227,Test user dashboard,Task to test the user dashboard as part of routine
maintenance cycle #227.,PENDING
228,Review config loader,Task to review the config loader as part of routine
maintenance cycle #228.,TODO
229,Deploy Redis cache,Task to deploy the Redis cache as part of routine
maintenance cycle #229.,CANCELLED
230,Update payment service,Task to update the payment service as part of
routine maintenance cycle #230.,TODO
231,Implement Mongo connection,Task to implement the Mongo connection
as part of routine maintenance cycle #231.,TODO
232,Optimize database schema,Task to optimize the database schema as
part of routine maintenance cycle #232.,IN_PROGRESS
233,Fix logging pipeline,Task to fix the logging pipeline as part of routine
maintenance cycle #233.,CANCELLED
234,Update session handler,Task to update the session handler as part of
routine maintenance cycle #234.,IN_PROGRESS
235,Document auth flow,Task to document the auth flow as part of routine
maintenance cycle #235.,DONE
236,Fix rate limiter,Task to fix the rate limiter as part of routine maintenance
cycle #236.,COMPLETED
237,Update Kafka consumer,Task to update the Kafka consumer as part of
routine maintenance cycle #237.,DONE
238,Update session handler,Task to update the session handler as part of
routine maintenance cycle #238.,TODO
239,Test session handler,Task to test the session handler as part of routine
maintenance cycle #239.,CANCELLED
240,Refactor file upload,Task to refactor the file upload as part of routine
maintenance cycle #240.,CANCELLED
241,Implement user dashboard,Task to implement the user dashboard as part
of routine maintenance cycle #241.,COMPLETED
242,Implement API gateway,Task to implement the API gateway as part of
routine maintenance cycle #242.,CANCELLED
243,Test rate limiter,Task to test the rate limiter as part of routine maintenance
cycle #243.,TODO
244,Optimize payment service,Task to optimize the payment service as part
of routine maintenance cycle #244.,DONE
245,Investigate email service,Task to investigate the email service as part of
routine maintenance cycle #245.,CANCELLED
246,Deploy user dashboard,Task to deploy the user dashboard as part of
routine maintenance cycle #246.,COMPLETED
247,Deploy login module,Task to deploy the login module as part of routine
maintenance cycle #247.,PENDING
248,Document API gateway,Task to document the API gateway as part of
routine maintenance cycle #248.,PENDING
249,Deploy task queue,Task to deploy the task queue as part of routine
maintenance cycle #249.,CANCELLED
250,Fix email service,Task to fix the email service as part of routine
maintenance cycle #250.,IN_PROGRESS
251,Investigate auth flow,Task to investigate the auth flow as part of routine
maintenance cycle #251.,COMPLETED
252,Investigate logging pipeline,Task to investigate the logging pipeline as
part of routine maintenance cycle #252.,PENDING
253,Refactor session handler,Task to refactor the session handler as part of
routine maintenance cycle #253.,DONE
254,Deploy Redis cache,Task to deploy the Redis cache as part of routine
maintenance cycle #254.,TODO
255,Test task queue,Task to test the task queue as part of routine
maintenance cycle #255.,IN_PROGRESS
256,Document session handler,Task to document the session handler as part
of routine maintenance cycle #256.,COMPLETED
257,Refactor notification system,Task to refactor the notification system as
part of routine maintenance cycle #257.,TODO
258,Document notification system,Task to document the notification system
as part of routine maintenance cycle #258.,IN_PROGRESS
259,Document Mongo connection,Task to document the Mongo connection
as part of routine maintenance cycle #259.,DONE
260,Test notification system,Task to test the notification system as part of
routine maintenance cycle #260.,DONE
261,Optimize auth flow,Task to optimize the auth flow as part of routine
maintenance cycle #261.,COMPLETED
262,Review metrics dashboard,Task to review the metrics dashboard as part
of routine maintenance cycle #262.,IN_PROGRESS
263,Update Redis cache,Task to update the Redis cache as part of routine
maintenance cycle #263.,CANCELLED
264,Refactor logging pipeline,Task to refactor the logging pipeline as part of
routine maintenance cycle #264.,COMPLETED
265,Implement logging pipeline,Task to implement the logging pipeline as
part of routine maintenance cycle #265.,CANCELLED
266,Document task queue,Task to document the task queue as part of routine
maintenance cycle #266.,TODO
267,Update report generator,Task to update the report generator as part of
routine maintenance cycle #267.,IN_PROGRESS
268,Refactor Redis cache,Task to refactor the Redis cache as part of routine
maintenance cycle #268.,DONE
269,Optimize search index,Task to optimize the search index as part of
routine maintenance cycle #269.,PENDING
270,Investigate metrics dashboard,Task to investigate the metrics dashboard
as part of routine maintenance cycle #270.,DONE
271,Refactor config loader,Task to refactor the config loader as part of routine
maintenance cycle #271.,DONE
272,Deploy task queue,Task to deploy the task queue as part of routine
maintenance cycle #272.,DONE
273,Test auth flow,Task to test the auth flow as part of routine maintenance
cycle #273.,IN_PROGRESS
274,Update Mongo connection,Task to update the Mongo connection as part
of routine maintenance cycle #274.,DONE
275,Update config loader,Task to update the config loader as part of routine
maintenance cycle #275.,CANCELLED
276,Fix Mongo connection,Task to fix the Mongo connection as part of
routine maintenance cycle #276.,IN_PROGRESS
277,Document auth flow,Task to document the auth flow as part of routine
maintenance cycle #277.,CANCELLED
278,Optimize metrics dashboard,Task to optimize the metrics dashboard as
part of routine maintenance cycle #278.,COMPLETED
279,Test API gateway,Task to test the API gateway as part of routine
maintenance cycle #279.,IN_PROGRESS
280,Test Redis cache,Task to test the Redis cache as part of routine
maintenance cycle #280.,DONE
281,Fix report generator,Task to fix the report generator as part of routine
maintenance cycle #281.,TODO
282,Investigate database schema,Task to investigate the database schema
as part of routine maintenance cycle #282.,DONE
283,Review payment service,Task to review the payment service as part of
routine maintenance cycle #283.,COMPLETED
284,Test database schema,Task to test the database schema as part of
routine maintenance cycle #284.,CANCELLED
285,Document API gateway,Task to document the API gateway as part of
routine maintenance cycle #285.,TODO
286,Optimize report generator,Task to optimize the report generator as part of
routine maintenance cycle #286.,PENDING
287,Document task queue,Task to document the task queue as part of routine
maintenance cycle #287.,DONE
288,Fix payment service,Task to fix the payment service as part of routine
maintenance cycle #288.,DONE
289,Document API gateway,Task to document the API gateway as part of
routine maintenance cycle #289.,TODO
290,Refactor logging pipeline,Task to refactor the logging pipeline as part of
routine maintenance cycle #290.,TODO
291,Optimize payment service,Task to optimize the payment service as part
of routine maintenance cycle #291.,IN_PROGRESS
292,Fix session handler,Task to fix the session handler as part of routine
maintenance cycle #292.,DONE
293,Update Redis cache,Task to update the Redis cache as part of routine
maintenance cycle #293.,TODO
294,Investigate email service,Task to investigate the email service as part of
routine maintenance cycle #294.,COMPLETED
295,Optimize rate limiter,Task to optimize the rate limiter as part of routine
maintenance cycle #295.,IN_PROGRESS
296,Investigate file upload,Task to investigate the file upload as part of
routine maintenance cycle #296.,PENDING
297,Document report generator,Task to document the report generator as part
of routine maintenance cycle #297.,COMPLETED
298,Refactor report generator,Task to refactor the report generator as part of
routine maintenance cycle #298.,COMPLETED
299,Optimize payment service,Task to optimize the payment service as part
of routine maintenance cycle #299.,COMPLETED
300,Update Mongo connection,Task to update the Mongo connection as part
of routine maintenance cycle #300.,CANCELLED
301,Implement auth flow,Task to implement the auth flow as part of routine
maintenance cycle #301.,CANCELLED
302,Update Kafka consumer,Task to update the Kafka consumer as part of
routine maintenance cycle #302.,IN_PROGRESS
303,Fix config loader,Task to fix the config loader as part of routine
maintenance cycle #303.,TODO
304,Fix login module,Task to fix the login module as part of routine
maintenance cycle #304.,PENDING
305,Document rate limiter,Task to document the rate limiter as part of routine
maintenance cycle #305.,PENDING
306,Test payment service,Task to test the payment service as part of routine
maintenance cycle #306.,IN_PROGRESS
307,Test report generator,Task to test the report generator as part of routine
maintenance cycle #307.,CANCELLED
308,Document user dashboard,Task to document the user dashboard as part
of routine maintenance cycle #308.,CANCELLED
309,Implement auth flow,Task to implement the auth flow as part of routine
maintenance cycle #309.,CANCELLED
310,Optimize Mongo connection,Task to optimize the Mongo connection as
part of routine maintenance cycle #310.,PENDING
311,Update config loader,Task to update the config loader as part of routine
maintenance cycle #311.,IN_PROGRESS
312,Fix auth flow,Task to fix the auth flow as part of routine maintenance
cycle #312.,IN_PROGRESS
313,Update payment service,Task to update the payment service as part of
routine maintenance cycle #313.,IN_PROGRESS
314,Test rate limiter,Task to test the rate limiter as part of routine maintenance
cycle #314.,CANCELLED
315,Optimize report generator,Task to optimize the report generator as part of
routine maintenance cycle #315.,PENDING
316,Update task queue,Task to update the task queue as part of routine
maintenance cycle #316.,CANCELLED
317,Test file upload,Task to test the file upload as part of routine maintenance
cycle #317.,DONE
318,Investigate config loader,Task to investigate the config loader as part of
routine maintenance cycle #318.,PENDING
319,Document user dashboard,Task to document the user dashboard as part
of routine maintenance cycle #319.,COMPLETED
320,Review email service,Task to review the email service as part of routine
maintenance cycle #320.,CANCELLED
321,Deploy rate limiter,Task to deploy the rate limiter as part of routine
maintenance cycle #321.,DONE
322,Review user dashboard,Task to review the user dashboard as part of
routine maintenance cycle #322.,IN_PROGRESS
323,Optimize session handler,Task to optimize the session handler as part of
routine maintenance cycle #323.,TODO
324,Test session handler,Task to test the session handler as part of routine
maintenance cycle #324.,TODO
325,Fix logging pipeline,Task to fix the logging pipeline as part of routine
maintenance cycle #325.,COMPLETED
326,Document auth flow,Task to document the auth flow as part of routine
maintenance cycle #326.,IN_PROGRESS
327,Optimize email service,Task to optimize the email service as part of
routine maintenance cycle #327.,CANCELLED
328,Document user dashboard,Task to document the user dashboard as part
of routine maintenance cycle #328.,PENDING
329,Deploy email service,Task to deploy the email service as part of routine
maintenance cycle #329.,DONE
330,Deploy API gateway,Task to deploy the API gateway as part of routine
maintenance cycle #330.,IN_PROGRESS
331,Deploy email service,Task to deploy the email service as part of routine
maintenance cycle #331.,CANCELLED
332,Document report generator,Task to document the report generator as part
of routine maintenance cycle #332.,CANCELLED
333,Refactor config loader,Task to refactor the config loader as part of routine
maintenance cycle #333.,TODO
334,Document user dashboard,Task to document the user dashboard as part
of routine maintenance cycle #334.,DONE
335,Test notification system,Task to test the notification system as part of
routine maintenance cycle #335.,TODO
336,Refactor metrics dashboard,Task to refactor the metrics dashboard as
part of routine maintenance cycle #336.,TODO
337,Investigate task queue,Task to investigate the task queue as part of
routine maintenance cycle #337.,PENDING
338,Review Mongo connection,Task to review the Mongo connection as part
of routine maintenance cycle #338.,COMPLETED
339,Deploy rate limiter,Task to deploy the rate limiter as part of routine
maintenance cycle #339.,PENDING
340,Document payment service,Task to document the payment service as
part of routine maintenance cycle #340.,IN_PROGRESS
341,Test config loader,Task to test the config loader as part of routine
maintenance cycle #341.,IN_PROGRESS
342,Test task queue,Task to test the task queue as part of routine
maintenance cycle #342.,CANCELLED
343,Document API gateway,Task to document the API gateway as part of
routine maintenance cycle #343.,TODO
344,Optimize Redis cache,Task to optimize the Redis cache as part of routine
maintenance cycle #344.,CANCELLED
345,Fix report generator,Task to fix the report generator as part of routine
maintenance cycle #345.,COMPLETED
346,Review config loader,Task to review the config loader as part of routine
maintenance cycle #346.,PENDING
347,Update Redis cache,Task to update the Redis cache as part of routine
maintenance cycle #347.,TODO
348,Document API gateway,Task to document the API gateway as part of
routine maintenance cycle #348.,CANCELLED
349,Fix logging pipeline,Task to fix the logging pipeline as part of routine
maintenance cycle #349.,CANCELLED
350,Test metrics dashboard,Task to test the metrics dashboard as part of
routine maintenance cycle #350.,CANCELLED
351,Test email service,Task to test the email service as part of routine
maintenance cycle #351.,PENDING
352,Document Redis cache,Task to document the Redis cache as part of
routine maintenance cycle #352.,PENDING
353,Investigate database schema,Task to investigate the database schema
as part of routine maintenance cycle #353.,PENDING
354,Implement rate limiter,Task to implement the rate limiter as part of routine
maintenance cycle #354.,COMPLETED
355,Fix user dashboard,Task to fix the user dashboard as part of routine
maintenance cycle #355.,DONE
356,Refactor notification system,Task to refactor the notification system as
part of routine maintenance cycle #356.,COMPLETED
357,Test login module,Task to test the login module as part of routine
maintenance cycle #357.,DONE
358,Test session handler,Task to test the session handler as part of routine
maintenance cycle #358.,COMPLETED
359,Document database schema,Task to document the database schema as
part of routine maintenance cycle #359.,PENDING
360,Investigate logging pipeline,Task to investigate the logging pipeline as
part of routine maintenance cycle #360.,DONE
361,Deploy config loader,Task to deploy the config loader as part of routine
maintenance cycle #361.,COMPLETED
362,Refactor task queue,Task to refactor the task queue as part of routine
maintenance cycle #362.,DONE
363,Implement Redis cache,Task to implement the Redis cache as part of
routine maintenance cycle #363.,COMPLETED
364,Refactor Redis cache,Task to refactor the Redis cache as part of routine
maintenance cycle #364.,PENDING
365,Review notification system,Task to review the notification system as part
of routine maintenance cycle #365.,CANCELLED
366,Document file upload,Task to document the file upload as part of routine
maintenance cycle #366.,PENDING
367,Fix logging pipeline,Task to fix the logging pipeline as part of routine
maintenance cycle #367.,TODO
368,Fix metrics dashboard,Task to fix the metrics dashboard as part of
routine maintenance cycle #368.,COMPLETED
369,Deploy API gateway,Task to deploy the API gateway as part of routine
maintenance cycle #369.,PENDING
370,Update metrics dashboard,Task to update the metrics dashboard as part
of routine maintenance cycle #370.,PENDING
371,Review database schema,Task to review the database schema as part of
routine maintenance cycle #371.,PENDING
372,Fix user dashboard,Task to fix the user dashboard as part of routine
maintenance cycle #372.,PENDING
373,Test notification system,Task to test the notification system as part of
routine maintenance cycle #373.,COMPLETED
374,Refactor user dashboard,Task to refactor the user dashboard as part of
routine maintenance cycle #374.,DONE
375,Investigate file upload,Task to investigate the file upload as part of
routine maintenance cycle #375.,DONE
376,Document config loader,Task to document the config loader as part of
routine maintenance cycle #376.,TODO
377,Optimize user dashboard,Task to optimize the user dashboard as part of
routine maintenance cycle #377.,IN_PROGRESS
378,Test Redis cache,Task to test the Redis cache as part of routine
maintenance cycle #378.,CANCELLED
379,Update email service,Task to update the email service as part of routine
maintenance cycle #379.,TODO
380,Update task queue,Task to update the task queue as part of routine
maintenance cycle #380.,IN_PROGRESS
381,Test login module,Task to test the login module as part of routine
maintenance cycle #381.,TODO
382,Deploy payment service,Task to deploy the payment service as part of
routine maintenance cycle #382.,DONE
383,Deploy search index,Task to deploy the search index as part of routine
maintenance cycle #383.,PENDING
384,Fix Redis cache,Task to fix the Redis cache as part of routine
maintenance cycle #384.,COMPLETED
385,Refactor session handler,Task to refactor the session handler as part of
routine maintenance cycle #385.,CANCELLED
386,Fix Kafka consumer,Task to fix the Kafka consumer as part of routine
maintenance cycle #386.,IN_PROGRESS
387,Update rate limiter,Task to update the rate limiter as part of routine
maintenance cycle #387.,PENDING
388,Optimize Redis cache,Task to optimize the Redis cache as part of routine
maintenance cycle #388.,PENDING
389,Optimize database schema,Task to optimize the database schema as
part of routine maintenance cycle #389.,IN_PROGRESS
390,Document auth flow,Task to document the auth flow as part of routine
maintenance cycle #390.,PENDING
391,Test login module,Task to test the login module as part of routine
maintenance cycle #391.,PENDING
392,Test config loader,Task to test the config loader as part of routine
maintenance cycle #392.,IN_PROGRESS
393,Update task queue,Task to update the task queue as part of routine
maintenance cycle #393.,DONE
394,Optimize report generator,Task to optimize the report generator as part of
routine maintenance cycle #394.,CANCELLED
395,Refactor auth flow,Task to refactor the auth flow as part of routine
maintenance cycle #395.,PENDING
396,Test Mongo connection,Task to test the Mongo connection as part of
routine maintenance cycle #396.,PENDING
397,Document API gateway,Task to document the API gateway as part of
routine maintenance cycle #397.,IN_PROGRESS
398,Refactor session handler,Task to refactor the session handler as part of
routine maintenance cycle #398.,DONE
399,Optimize report generator,Task to optimize the report generator as part of
routine maintenance cycle #399.,CANCELLED
400,Test login module,Task to test the login module as part of routine
maintenance cycle #400.,CANCELLED
401,Refactor auth flow,Task to refactor the auth flow as part of routine
maintenance cycle #401.,TODO
402,Optimize payment service,Task to optimize the payment service as part
of routine maintenance cycle #402.,COMPLETED
403,Document report generator,Task to document the report generator as part
of routine maintenance cycle #403.,IN_PROGRESS
404,Optimize search index,Task to optimize the search index as part of
routine maintenance cycle #404.,IN_PROGRESS
405,Implement rate limiter,Task to implement the rate limiter as part of routine
maintenance cycle #405.,DONE
406,Fix API gateway,Task to fix the API gateway as part of routine
maintenance cycle #406.,CANCELLED
407,Review report generator,Task to review the report generator as part of
routine maintenance cycle #407.,PENDING
408,Review session handler,Task to review the session handler as part of
routine maintenance cycle #408.,DONE
409,Fix user dashboard,Task to fix the user dashboard as part of routine
maintenance cycle #409.,DONE
410,Deploy email service,Task to deploy the email service as part of routine
maintenance cycle #410.,IN_PROGRESS
411,Implement database schema,Task to implement the database schema as
part of routine maintenance cycle #411.,COMPLETED
412,Deploy metrics dashboard,Task to deploy the metrics dashboard as part
of routine maintenance cycle #412.,COMPLETED
413,Test Kafka consumer,Task to test the Kafka consumer as part of routine
maintenance cycle #413.,DONE
414,Document report generator,Task to document the report generator as part
of routine maintenance cycle #414.,CANCELLED
415,Deploy API gateway,Task to deploy the API gateway as part of routine
maintenance cycle #415.,PENDING
416,Update database schema,Task to update the database schema as part of
routine maintenance cycle #416.,IN_PROGRESS
417,Refactor config loader,Task to refactor the config loader as part of routine
maintenance cycle #417.,DONE
418,Update file upload,Task to update the file upload as part of routine
maintenance cycle #418.,TODO
419,Test config loader,Task to test the config loader as part of routine
maintenance cycle #419.,TODO
420,Document search index,Task to document the search index as part of
routine maintenance cycle #420.,CANCELLED
421,Test session handler,Task to test the session handler as part of routine
maintenance cycle #421.,PENDING
422,Deploy API gateway,Task to deploy the API gateway as part of routine
maintenance cycle #422.,CANCELLED
423,Implement logging pipeline,Task to implement the logging pipeline as
part of routine maintenance cycle #423.,TODO
424,Optimize config loader,Task to optimize the config loader as part of
routine maintenance cycle #424.,DONE
425,Optimize Redis cache,Task to optimize the Redis cache as part of routine
maintenance cycle #425.,CANCELLED
426,Update task queue,Task to update the task queue as part of routine
maintenance cycle #426.,CANCELLED
427,Test email service,Task to test the email service as part of routine
maintenance cycle #427.,TODO
428,Fix payment service,Task to fix the payment service as part of routine
maintenance cycle #428.,TODO
429,Test logging pipeline,Task to test the logging pipeline as part of routine
maintenance cycle #429.,TODO
430,Update Redis cache,Task to update the Redis cache as part of routine
maintenance cycle #430.,COMPLETED
431,Fix file upload,Task to fix the file upload as part of routine maintenance
cycle #431.,PENDING
432,Deploy config loader,Task to deploy the config loader as part of routine
maintenance cycle #432.,PENDING
433,Optimize database schema,Task to optimize the database schema as
part of routine maintenance cycle #433.,PENDING
434,Update logging pipeline,Task to update the logging pipeline as part of
routine maintenance cycle #434.,COMPLETED
435,Refactor auth flow,Task to refactor the auth flow as part of routine
maintenance cycle #435.,TODO
436,Deploy Mongo connection,Task to deploy the Mongo connection as part
of routine maintenance cycle #436.,PENDING
437,Document Redis cache,Task to document the Redis cache as part of
routine maintenance cycle #437.,DONE
438,Update search index,Task to update the search index as part of routine
maintenance cycle #438.,COMPLETED
439,Deploy payment service,Task to deploy the payment service as part of
routine maintenance cycle #439.,PENDING
440,Test Mongo connection,Task to test the Mongo connection as part of
routine maintenance cycle #440.,TODO
441,Document user dashboard,Task to document the user dashboard as part
of routine maintenance cycle #441.,CANCELLED
442,Implement rate limiter,Task to implement the rate limiter as part of routine
maintenance cycle #442.,TODO
443,Review notification system,Task to review the notification system as part
of routine maintenance cycle #443.,IN_PROGRESS
444,Fix session handler,Task to fix the session handler as part of routine
maintenance cycle #444.,IN_PROGRESS
445,Update config loader,Task to update the config loader as part of routine
maintenance cycle #445.,IN_PROGRESS
446,Optimize Mongo connection,Task to optimize the Mongo connection as
part of routine maintenance cycle #446.,IN_PROGRESS
447,Deploy database schema,Task to deploy the database schema as part of
routine maintenance cycle #447.,COMPLETED
448,Review auth flow,Task to review the auth flow as part of routine
maintenance cycle #448.,IN_PROGRESS
449,Fix config loader,Task to fix the config loader as part of routine
maintenance cycle #449.,DONE
450,Fix API gateway,Task to fix the API gateway as part of routine
maintenance cycle #450.,CANCELLED
451,Review database schema,Task to review the database schema as part of
routine maintenance cycle #451.,TODO
452,Deploy Redis cache,Task to deploy the Redis cache as part of routine
maintenance cycle #452.,COMPLETED
453,Deploy login module,Task to deploy the login module as part of routine
maintenance cycle #453.,IN_PROGRESS
454,Test payment service,Task to test the payment service as part of routine
maintenance cycle #454.,IN_PROGRESS
455,Refactor metrics dashboard,Task to refactor the metrics dashboard as
part of routine maintenance cycle #455.,TODO
456,Update logging pipeline,Task to update the logging pipeline as part of
routine maintenance cycle #456.,PENDING
457,Deploy metrics dashboard,Task to deploy the metrics dashboard as part
of routine maintenance cycle #457.,COMPLETED
458,Update task queue,Task to update the task queue as part of routine
maintenance cycle #458.,COMPLETED
459,Implement rate limiter,Task to implement the rate limiter as part of routine
maintenance cycle #459.,TODO
460,Investigate report generator,Task to investigate the report generator as
part of routine maintenance cycle #460.,PENDING
461,Review payment service,Task to review the payment service as part of
routine maintenance cycle #461.,PENDING
462,Refactor email service,Task to refactor the email service as part of routine
maintenance cycle #462.,CANCELLED
463,Update logging pipeline,Task to update the logging pipeline as part of
routine maintenance cycle #463.,CANCELLED
464,Document user dashboard,Task to document the user dashboard as part
of routine maintenance cycle #464.,TODO
465,Deploy rate limiter,Task to deploy the rate limiter as part of routine
maintenance cycle #465.,IN_PROGRESS
466,Update database schema,Task to update the database schema as part of
routine maintenance cycle #466.,DONE
467,Optimize session handler,Task to optimize the session handler as part of
routine maintenance cycle #467.,COMPLETED
468,Deploy file upload,Task to deploy the file upload as part of routine
maintenance cycle #468.,COMPLETED
469,Investigate report generator,Task to investigate the report generator as
part of routine maintenance cycle #469.,PENDING
470,Investigate rate limiter,Task to investigate the rate limiter as part of
routine maintenance cycle #470.,PENDING
471,Update API gateway,Task to update the API gateway as part of routine
maintenance cycle #471.,CANCELLED
472,Investigate Mongo connection,Task to investigate the Mongo connection
as part of routine maintenance cycle #472.,PENDING
473,Document Redis cache,Task to document the Redis cache as part of
routine maintenance cycle #473.,PENDING
474,Deploy task queue,Task to deploy the task queue as part of routine
maintenance cycle #474.,PENDING
475,Refactor API gateway,Task to refactor the API gateway as part of routine
maintenance cycle #475.,DONE
476,Refactor notification system,Task to refactor the notification system as
part of routine maintenance cycle #476.,CANCELLED
477,Test search index,Task to test the search index as part of routine
maintenance cycle #477.,IN_PROGRESS
478,Document user dashboard,Task to document the user dashboard as part
of routine maintenance cycle #478.,TODO
479,Update user dashboard,Task to update the user dashboard as part of
routine maintenance cycle #479.,PENDING
480,Update search index,Task to update the search index as part of routine
maintenance cycle #480.,IN_PROGRESS
481,Investigate payment service,Task to investigate the payment service as
part of routine maintenance cycle #481.,COMPLETED
482,Investigate config loader,Task to investigate the config loader as part of
routine maintenance cycle #482.,DONE
483,Update email service,Task to update the email service as part of routine
maintenance cycle #483.,DONE
484,Refactor payment service,Task to refactor the payment service as part of
routine maintenance cycle #484.,DONE
485,Optimize report generator,Task to optimize the report generator as part of
routine maintenance cycle #485.,DONE
486,Update session handler,Task to update the session handler as part of
routine maintenance cycle #486.,COMPLETED
487,Implement database schema,Task to implement the database schema as
part of routine maintenance cycle #487.,CANCELLED
488,Document Redis cache,Task to document the Redis cache as part of
routine maintenance cycle #488.,TODO
489,Deploy config loader,Task to deploy the config loader as part of routine
maintenance cycle #489.,DONE
490,Update auth flow,Task to update the auth flow as part of routine
maintenance cycle #490.,COMPLETED
491,Implement email service,Task to implement the email service as part of
routine maintenance cycle #491.,COMPLETED
492,Optimize rate limiter,Task to optimize the rate limiter as part of routine
maintenance cycle #492.,CANCELLED
493,Investigate login module,Task to investigate the login module as part of
routine maintenance cycle #493.,COMPLETED
494,Test login module,Task to test the login module as part of routine
maintenance cycle #494.,IN_PROGRESS
495,Test report generator,Task to test the report generator as part of routine
maintenance cycle #495.,DONE
496,Deploy login module,Task to deploy the login module as part of routine
maintenance cycle #496.,IN_PROGRESS
497,Fix session handler,Task to fix the session handler as part of routine
maintenance cycle #497.,CANCELLED
498,Refactor user dashboard,Task to refactor the user dashboard as part of
routine maintenance cycle #498.,IN_PROGRESS
499,Review user dashboard,Task to review the user dashboard as part of
routine maintenance cycle #499.,CANCELLED
500,Investigate Mongo connection,Task to investigate the Mongo connection
as part of routine maintenance cycle #500.,PENDING